"author","influencedby"
"Henry Fielding","Miguel de Cervantes|Samuel Richardson"
"Alexander Herzen","Nikolai Stankevich"
"Héctor-Neri Castañeda","Alexius Meinong"
"Candace Bushnell","Dorothy Parker"
"Fernando Arrabal","André Breton"
"Jan Lechoń","Leopold Staff|Antoni Malczewski"
"Renata Salecl","Slavoj Žižek"
"Edward Thomas (poet)","Robert Frost"
"Claire Messud","Thomas Bernhard"
"M. G. Vassanji","Lawrence Durrell"
"Don DeLillo","J. G. Ballard|William Faulkner|Vladimir Nabokov|William Gaddis"
"Jun'ichirō Tanizaki","Kyōka Izumi"
"Owen Barfield","Rudolf Steiner"
"Dennis Lehane","Robert B. Parker"
"Michael Palmer (poet)","Stéphane Mallarmé"
"Marianne Moore","Adalbert Stifter"
"Jerry Pournelle","Robert A. Heinlein"
"John Crowley","Hans Jonas|Harold Bloom"
"Ayn Rand","Carl Menger|Isabel Paterson"
"Meister Eckhart","Pseudo-Dionysius the Areopagite"
"Bento Teixeira","Luís de Camões"
"Thomas McGuane","Thomas Savage (novelist)|Wallace Stegner"
"Abbie Hoffman","Marshall McLuhan|Lenny Bruce|Abraham Maslow|Herbert Marcuse"
"Bram Stoker","John William Polidori|Sheridan Le Fanu"
"Carlos Castaneda","Guillermo Marín Ruiz"
"Camilo Castelo Branco","Almeida Garrett"
"Brian Davies (philosopher)","Herbert McCabe"
"Richard Brautigan","Jack Kerouac"
"Laurence A. Rickels","Ludwig Binswanger"
"Hanna Fenichel Pitkin","Sheldon Wolin"
"Marian Engel","Margaret Laurence"
"Boris A. Novak","Gregor Strniša"
"Emmanuel Levinas","Edmund Husserl|Maimonides|Søren Kierkegaard|Franz Rosenzweig|Martin Heidegger|Émile Durkheim"
"Ahmed Sharif","Abdur Razzaq (professor)"
"Hubert Dreyfus","Martin Heidegger"
"Gabriel Kolko","Arno J. Mayer"
"Gaston Bachelard","Émile Meyerson|Léon Brunschvicg|Hélène Metzger"
"Hans Kelsen","Hans Vaihinger"
"Karl Ludwig von Haller","Joseph de Maistre"
"Eduard Limonov","Julius Evola"
"Bernard Gert","W. D. Ross"
"Joel Rosenberg (science fiction author)","David Drake"
"Shah Abdul Aziz","Ibn Arabi"
"William Styron","Richard Yates (novelist)"
"Maurice Halbwachs","Émile Durkheim"
"Lynne Rossetto Kasper","Harold McGee"
"Jay Macpherson","James Reaney"
"Amin Ahsan Islahi","Shibli Nomani"
"Christopher Marlowe","Ovid"
"William Minto","Alexander Bain"
"Don Ihde","Gaston Bachelard"
"John Toland","John Locke|Pierre Bayle"
"Catherynne M. Valente","Roger Zelazny"
"Haruki Murakami","Jack Kerouac|Raymond Chandler|Richard Brautigan|Raymond Carver"
"Janet Morris","John Norman"
"Piers Anthony","Lloyd Alexander"
"Gustave Flaubert","Humayun Azad|Avijit Roy|Ivan Turgenev"
"James Merrill","Constantine P. Cavafy|Elizabeth Bishop|Wallace Stevens"
"O. Henry","Guy de Maupassant"
"John O'Neill (philosopher)","Otto Neurath"
"Margaret Wise Brown","Ursula Nordstrom"
"Fernando Sabino","Paulo Mendes Campos"
"Max Müller","Franz Bopp|African Spir"
"Gayatri Chakravorty Spivak","Jacques Derrida|Antonio Gramsci|Edward Said|Nicos Poulantzas"
"Alexander Gottlieb Baumgarten","Christian Wolff (philosopher)"
"Terry Brooks","Lloyd Alexander"
"Parmenides","Heraclitus|Pythagoras"
"Zhu Xi","Cheng Yi (philosopher)|Zhou Dunyi"
"Lewis Spence","Augustus Le Plongeon"
"James Thurber","Robert Benchley"
"Nicholas Rescher","Gottfried Wilhelm Leibniz|Alfred North Whitehead|Damaris Cudworth Masham"
"Joseph Raz","John Austin (legal philosopher)|H. L. A. Hart"
"Elfriede Jelinek","Thomas Bernhard"
"Raymond Williams","Antonio Gramsci"
"William Petty","Francis Bacon"
"Mir Taqi Mir","Raza Naqvi Wahi"
"Anthony Weston","Frithjof Bergmann"
"Robinson Jeffers","Thomas Hardy"
"Niko Grafenauer","Veno Taufer"
"Erin Mouré","Robin Blaser"
"Northrop Frye","Oswald Spengler|Giambattista Vico"
"Robin Collins","Alvin Plantinga"
"T. M. Scanlon","John Rawls"
"Larry Levis","Weldon Kees"
"T. S. Eliot","John Donne|Stéphane Mallarmé|Evelyn Underhill|Harold Joachim|John Davidson (poet)|Owen Barfield|F. H. Bradley|Matthew Arnold|Joel Chandler Harris|John Ruskin|Kyriakos Charalambides"
"Mary Wollstonecraft","Jean-Jacques Rousseau|Thomas Paine"
"Horia Gârbea","Ion Luca Caragiale|Mateiu Caragiale|Ion Creangă"
"Walter Kaufmann (philosopher)","Georg Wilhelm Friedrich Hegel|Martin Buber"
"Frank Lebby Stanton","Robert Burns|Joel Chandler Harris"
"William Hazlitt","Michel de Montaigne"
"Matsuo Bashō","Saigyō"
"Kuno Fischer","Georg Wilhelm Friedrich Hegel|Johann Eduard Erdmann"
"Jonathan Coe","Henry Fielding|B. S. Johnson"
"George Călinescu","Urmuz"
"Maurice Maeterlinck","Edwin Way Teale"
"Giulio Angioni","Italo Calvino"
"Hans-Georg Gadamer","Martin Heidegger|Wilhelm Dilthey|Friedrich Schleiermacher|Karl Jaspers"
"Julie Czerneda","C. J. Cherryh"
"Ramsey Campbell","Robert E. Howard|Robert Aickman"
"Daniel Handler","Vladimir Nabokov|Edward Gorey"
"Peter Matthiessen","William Styron"
"George Herbert Mead","Charles Cooley"
"France Bevk","Prežihov Voranc|Danilo Lokar|Anton Vodnik|Oton Župančič"
"Gerry Murphy (poet)","Patrick Galvin"
"Osvaldo Lira","Juan Vázquez de Mella"
"René Descartes","Duns Scotus|Michel de Montaigne|Sextus Empiricus|Francisco Suárez"
"Michel Serres","Gaston Bachelard"
"Daniel Dennett","Noam Chomsky|Gilbert Ryle|Wilfrid Sellars|Willard Van Orman Quine|Hilary Putnam"
"Estanislao Zuleta","Fernando González (writer)"
"Alice Crary","Stanley Cavell"
"Samuel Beckett","Arthur Schopenhauer|George Berkeley|Henry Fielding|Friedrich Hölderlin|Pedro Calderón de la Barca|Jean Racine|Giacomo Leopardi|Maurice Blanchot|Marquis de Sade|Jocelyn Herbert"
"Charles Stross","Bruce Sterling|Neal Stephenson|William Gibson"
"Alicia Erian","Mary Gaitskill"
"Janet Frame","William Styron"
"Neil Gaiman","Edward Plunkett, 18th Baron of Dunsany|Robert A. Heinlein|Gene Wolfe|Alan Moore|R. A. Lafferty|Jack Vance|Roger Zelazny|T. H. White|John M. Ford|John Crowley"
"Dumitru Țepeneag","Urmuz"
"Jodi Dean","Jacques Rancière"
"Bertolt Brecht","Karl Korsch"
"Chris Bohjalian","Joyce Carol Oates"
"John Dos Passos","Stendhal|Edmund Wilson"
"C. S. Lewis","Edward Plunkett, 18th Baron of Dunsany|George MacDonald|Evelyn Underhill|Owen Barfield|H. Rider Haggard"
"Zaal Samadashvili","Guram Dochanashvili"
"Abu Zayd al-Balkhi","Al-Kindi"
"Bryan Magee","Karl Popper"
"Crispin Wright","Noam Chomsky"
"Colin Wilson","Benjamin Walker (author)|William Seabrook|Abraham Maslow"
"Marcel Gauchet","Cornelius Castoriadis"
"Aprilynne Pike","E. B. White|Christopher Pike (author)|Laura Ingalls Wilder|Lois Lowry"
"William March","Erich Maria Remarque"
"Erskine Caldwell","Sherwood Anderson"
"Sima Milutinović Sarajlija","Jovan Rajić"
"Anne-Marie Albiach","Stéphane Mallarmé"
"Dean Zimmerman","David Lewis (philosopher)"
"John Passmore","John Anderson (philosopher)"
"John Argyropoulos","Gemistus Pletho"
"John Donne","John Pory"
"Irène Némirovsky","Ivan Turgenev"
"Roger Scruton","Edmund Burke|Elizabeth Anscombe"
"Margaret Atwood","George Eliot|Margaret Laurence|Virginia Woolf|Northrop Frye|James Reaney"
"Asghar Ali Engineer","Tan Malaka"
"Castro Alves","Pedro Luís Pereira de Sousa"
"Sheridan Le Fanu","Walter Scott"
"Chrysippus","Zeno of Citium|Cleanthes"
"Milovan Đilas","Petar II Petrović-Njegoš"
"Georges Canguilhem","Jean Cavaillès|Émile Chartier|Gaston Bachelard"
"Paul Auster","Herman Melville|Knut Hamsun|Raymond Chandler|Stéphane Mallarmé|Louis-Ferdinand Céline"
"Bernard Mandeville","Pierre Bayle|William Petty"
"Alexandru Toma","Panait Cerna"
"Jean Bodin","Maimonides"
"Aldous Huxley","Julian Huxley|D. H. Lawrence|Thomas Henry Huxley|William Blake|Yevgeny Zamyatin|Nikolai Berdyaev"
"Sarah Kane","Harold Pinter"
"Samuel Edward Konkin III","Murray Rothbard"
"Claudia Card","John Rawls"
"Philippe Djian","Richard Brautigan"
"Elizabeth Gaskell","Walter Scott"
"E. Hoffmann Price","Talbot Mundy"
"Charles Hartshorne","Alfred North Whitehead|Gustav Fechner|Jules Lequier"
"Jean-Paul Sartre","Edmund Husserl|Georg Wilhelm Friedrich Hegel|Gustave Flaubert|Jean-Jacques Rousseau|Søren Kierkegaard|Alexandre Kojève|Emmanuel Levinas|Martin Heidegger|Alexander Herzen|Louis-Ferdinand Céline|Simone de Beauvoir"
"Herbert Read","William Godwin|Max Stirner"
"Sarah Waters","Jeanette Winterson"
"Nikolai Leskov","Alexander Pushkin"
"Saadi Shirazi","Nizami Ganjavi"
"Edith Penrose","Joseph Schumpeter|Thorstein Veblen|Fritz Machlup"
"Svetlana Makarovič","Dane Zajc|Veno Taufer|Gregor Strniša"
"Catherine Malabou","Luce Irigaray"
"Julian Barnes","Gustave Flaubert|Ford Madox Ford"
"A. E. Stallings","Richard Wilbur"
"Enid Blyton","Joel Chandler Harris"
"Paul Weiss (philosopher)","Alfred North Whitehead|Étienne Gilson"
"Pierre Hadot","Félix Ravaisson-Mollien"
"Guillermo Sheridan","Margo Glantz|Octavio Paz"
"Samuel Alexander","Edwin Holt"
"Nicolás Gómez Dávila","Juan Donoso Cortés"
"Charles Maurras","Louis Gabriel Ambroise de Bonald|Pierre Guillaume Frédéric le Play|Auguste Comte"
"Arthur Schopenhauer","Giordano Bruno|David Hume|George Berkeley|Immanuel Kant|John Locke|Jakob Böhme|Giacomo Leopardi|Plotinus|Thomas Reid|Baltasar Gracián|Johann Wolfgang von Goethe"
"Arthur Rimbaud","Paul Verlaine|Leconte de Lisle"
"Ibn Maḍāʾ","Al-Jahiz"
"Mircea Nedelciu","Mateiu Caragiale|Ion Creangă"
"Fritz Leiber","Robert E. Howard|Talbot Mundy"
"T. K. Seung","Immanuel Kant"
"Carlos Fuentes","Stendhal|Margo Glantz|Octavio Paz|Juan Rulfo"
"Per Petterson","Raymond Carver"
"Constantine P. Cavafy","Kyriakos Charalambides"
"Josip Stritar","France Prešeren"
"Monica Furlong","Alan Watts"
"Mário Ferreira dos Santos","Georg Wilhelm Friedrich Hegel|Gottfried Wilhelm Leibniz|Duns Scotus|Pierre-Joseph Proudhon|Nicholas of Cusa|Francisco Suárez"
"Morag Joss","P. D. James"
"Pyrrho","Democritus"
"Biagio Marin","Scipio Slataper"
"Al-Kindi","Plotinus"
"Iain Morris","Armando Iannucci"
"Baruch Spinoza","Giordano Bruno|Democritus|Maimonides|Niccolò Machiavelli|Parmenides|René Descartes|Averroes|Franciscus van den Enden"
"Jacques-Bénigne Bossuet","René Descartes"
"Constant Tonegaru","Urmuz"
"Emily Brontë","Giada Trebeschi"
"Robert Lowell","William Carlos Williams|Allen Tate|Hart Crane|John Berryman|Elizabeth Bishop"
"Mikhail Bakhtin","François Rabelais"
"Gotthold Ephraim Lessing","Johann Joachim Winckelmann"
"Dan Simmons","Jack Vance"
"R. A. W. Rhodes","Mark Bevir"
"Karl Schönherr","August Strindberg"
"Peter Bowker","Dennis Potter"
"Kajetan Kovič","Alojz Gradnik|Dragotin Kette"
"Russ Parsons","Harold McGee"
"Baron d'Holbach","David Hume|Denis Diderot"
"Epicurus","Democritus|Pyrrho|Aristippus"
"Gil Vicente","Juan del Encina|Lucian"
"Susanne Langer","Louis Arnaud Reid|Alfred North Whitehead|Ernst Cassirer"
"Benjamin Kunkel","Fernando Pessoa"
"Friedrich Heinrich Jacobi","Immanuel Kant|Johann Georg Hamann"
"James Jones (author)","William Styron"
"Oscar Hijuelos","Donald Barthelme"
"Georges Dumézil","Michel Bréal"
"George Payne Rainsford James","Walter Scott"
"José Maria de Eça de Queirós","Almeida Garrett"
"Ion Călugăru","Ion Creangă|Urmuz"
"Colin Bateman","Raymond Chandler|Robert B. Parker"
"Wendell Berry","Wallace Stegner"
"Peter Achinstein","Carl Gustav Hempel"
"Victor Pelevin","Vladimir Nabokov"
"Will Kymlicka","John Stuart Mill|Gerald Cohen"
"Samuel Johnson","Thomas Browne|William Wollaston"
"Ernest J. Gaines","Wallace Stegner"
"Aenesidemus","Pyrrho"
"Gilles Deleuze","Baruch Spinoza|David Hume|Félix Guattari|Gottfried Wilhelm Leibniz|Henri Bergson|Jean-Paul Sartre|Gregory Bateson|Duns Scotus|Georges Canguilhem|Alfred North Whitehead|Lucretius|Milič Čapek|Friedrich Wilhelm Joseph Schelling|Damaris Cudworth Masham|Pierre Clastres|Gilbert Simondon"
"Alfred Corn","James Merrill"
"Muhammad Idrees Dahiri","Muhammad Tahir"
"Martin Wolf","Wynne Godley"
"James A. Moore","Brian Lumley"
"Jez Butterworth","Harold Pinter"
"Javier Marías","Robert Louis Stevenson|Thomas Bernhard|Vladimir Nabokov"
"Leigh Brackett","Edgar Rice Burroughs|Robert E. Howard"
"Constantine Sandis","Jonathan Dancy"
"Jan Patočka","Edmund Husserl|Martin Heidegger"
"Florence Earle Coates","Matthew Arnold"
"Martin Heidegger","Edmund Husserl|Georg Wilhelm Friedrich Hegel|Gottfried Wilhelm Leibniz|Heraclitus|Immanuel Kant|Parmenides|Søren Kierkegaard|Friedrich Hölderlin|Duns Scotus|Max Scheler|Friedrich Heinrich Jacobi|Emil Lask|Friedrich Wilhelm Joseph Schelling|Wilhelm Dilthey|Damaris Cudworth Masham|Karl Jaspers|Heinrich Rickert|José Ortega y Gasset|Francisco Suárez|Franz Brentano|Félix Ravaisson-Mollien"
"Bernard Stiegler","Edmund Husserl|Gilles Deleuze|Martin Heidegger|Gilbert Simondon"
"W. B. Yeats","Edmund Burke|John Donne|Stéphane Mallarmé|Eva Henrietta Hamilton|Percy Bysshe Shelley|Henry David Thoreau|Patrick Kennedy (folklorist)|James Macpherson"
"Alasdair MacIntyre","Peter Geach|R. G. Collingwood"
"Émile Armand","Charles Fourier|Benjamin Tucker|Max Stirner"
"Panagiotis Kondylis","Dieter Henrich|Reinhart Koselleck"
"Giorgio Agamben","Roman Jakobson|Alexandre Kojève|Martin Heidegger|Carl Schmitt|Jacob Taubes|Hannah Arendt"
"Lucretius","Democritus|Empedocles|Epicurus"
"Miran Jarc","Srečko Kosovel|Josip Murn|Dragotin Kette"
"David Malet Armstrong","John Anderson (philosopher)"
"Lewis Call","William Gibson"
"Mira Gonzalez","Tao Lin"
"Alfred North Whitehead","Heraclitus|Samuel Alexander|Gustav Fechner"
"Anthony Buckeridge","George Mills (writer)"
"Ahmed Sofa","Abdur Razzaq (professor)"
"W. G. Sebald","Italo Calvino|Thomas Bernhard|Thomas Browne|Adalbert Stifter"
"Robert Nozick","Immanuel Kant|John Stuart Mill|Carl Gustav Hempel"
"Quentin Meillassoux","Alain Badiou"
"Bernard-Henri Lévy","Emmanuel Levinas"
"Stuart Neville","Adrian McKinty"
"Lewis Grassic Gibbon","George Douglas Brown"
"Harlan Ellison","Roger Zelazny|Theodore Sturgeon"
"György Lukács","Georg Wilhelm Friedrich Hegel|Max Weber|Emil Lask|Georg Simmel"
"Stanley Rosen","Alexandre Kojève|Leo Strauss"
"Mikhail Bulgakov","Alexander Pushkin"
"Srečko Kosovel","Josip Murn|Dragotin Kette"
"Luís de Camões","Ludovico Ariosto|Fernão Lopes de Castanheda"
"China Miéville","J. G. Ballard|Gene Wolfe|Bruno Schulz|M. John Harrison|Michael de Larrabeiti"
"Stanisław Lem","Bruno Schulz|Olaf Stapledon|Karlheinz Steinmüller"
"Adam Smith","David Hume|Jean-Jacques Rousseau|John Locke|Anne Robert Jacques Turgot|François Quesnay|Bernard Mandeville|William Petty|Francis Hutcheson (philosopher)"
"Robert C. Solomon","Frithjof Bergmann"
"Grigol Robakidze","Gustave Flaubert|Stendhal|Mikheil Javakhishvili|Johann Wolfgang von Goethe"
"Antonio Negri","Baruch Spinoza|Félix Guattari|Gilles Deleuze|Niccolò Machiavelli|Carl Schmitt"
"Alain Finkielkraut","Emmanuel Levinas"
"Cornelius Castoriadis","Max Weber|Melanie Klein|Giambattista Vico|Jacques Ellul|Gaston Bachelard|Jean Laplanche"
"Charlotte Brontë","Sheridan Le Fanu|William Makepeace Thackeray|Samuel Richardson"
"Gabriel Scott","Knut Hamsun"
"Akira Yoshimura","Motojirō Kajii"
"Vinayaka Krishna Gokak","S. R. Ekkundi|Gangadhar V. Chittal"
"Ray Brassier","Quentin Meillassoux|Wilfrid Sellars|François Laruelle|Nick Land|Alain Badiou"
"John D'Agata","Deborah Tall"
"J. L. Mackie","David Hume|John Anderson (philosopher)"
"W. N. Herbert","Edwin Morgan (poet)"
"Hasan Ali Toptaş","Oğuz Atay"
"Søren Kierkegaard","Georg Wilhelm Friedrich Hegel|Immanuel Kant|Friedrich Heinrich Jacobi|Friedrich Wilhelm Joseph Schelling|Johann Wolfgang von Goethe|Johann Eduard Erdmann|Johann Georg Hamann|Friedrich Adolf Trendelenburg|Poul Martin Møller"
"Gilbert Ryle","Ludwig Wittgenstein"
"Sesto Pals","Urmuz"
"Cyril Wong","Arthur Yap"
"Andrew J. Offutt","Robert E. Howard"
"Daniel Pinchbeck","Julius Evola|Terence McKenna|Jean Gebser"
"William S. Burroughs","Arthur Rimbaud|Richard Evans Schultes|Louis-Ferdinand Céline"
"Thomas Hobbes","Epicurus|Francis Bacon|Niccolò Machiavelli|Pierre Gassendi|Hugo Grotius|John Selden"
"Anna Akhmatova","Yevgeny Baratynsky|Alexander Pushkin|Mikhail Lermontov"
"Nihal Atsız","Ziya Gökalp"
"Stephen Greenblatt","Lucretius|Clifford Geertz"
"Adrienne Rich","Sylvia Plath|Simone de Beauvoir"
"Voltaire","John Locke|Miguel de Cervantes|Writings of Cicero|Pierre Bayle|Lucian"
"Erich Auerbach","Giambattista Vico"
"Edna O'Brien","Seamus Heaney"
"Paul Feyerabend","John Stuart Mill|Karl Popper|Alexandre Koyré|Imre Lakatos"
"Peter Singer","Georg Wilhelm Friedrich Hegel|John Stuart Mill|R. M. Hare|Henry Sidgwick"
"Jacques Sternberg","Jaime Montestrela"
"Holly Black","Lloyd Alexander"
"Michael J. Shapiro","Gilles Deleuze"
"Arun Budhathoki","Sylvia Plath"
"Yin Haiguang","Jin Yuelin"
"Bruce Chatwin","Robert Byron"
"Muhammad Mustafa Jauhar","Amjad Jauhari"
"Walker Percy","Ferdinand de Saussure"
"François Coppée","Leconte de Lisle"
"Gemistus Pletho","Plotinus"
"Augustyn Wróblewski","Edward Abramowski"
"Jane Lindskold","Roger Zelazny"
"François-René de Chateaubriand","Giambattista Vico|Louis Gabriel Ambroise de Bonald"
"Karl Kautsky","Bruno Bauer"
"Lucy Maud Montgomery","Kyoko Mizuki"
"Caryl Churchill","Harold Pinter"
"Kōbō Abe","Jun Ishikawa"
"Abdullah Goran","Riza Talabani|Nalî"
"J. K. Rowling","George Eliot|Lloyd Alexander|T. H. White"
"Thomas Carlyle","Johann Wolfgang von Goethe|Arthur Hugh Clough|Friedrich de la Motte Fouqué"
"Washington Irving","Alexander von Humboldt"
"Felix Cheong","Edwin Thumboo"
"Tristan Tzara","Comte de Lautréamont|Ion Minulescu"
"Kurt Koffka","Carl Stumpf"
"Anaximander","Thales"
"Adam Asnyk","Leconte de Lisle|Antoni Malczewski"
"Hunter S. Thompson","Jack Kerouac|Ken Kesey|William S. Burroughs"
"Virginia Woolf","Daniel Defoe|George Eliot|Laurence Sterne"
"Dewi Zephaniah Phillips","Simone Weil"
"Felix Aderca","Urmuz"
"Robert Weinberg (author)","Robert E. Howard"
"Tariq Ramadan","Muhammad Asad"
"Evelyn Underhill","Rudolf Christoph Eucken"
"T. R. Subba Rao","A. N. Krishna Rao"
"Fredric Jameson","Theodor W. Adorno|Slavoj Žižek"
"Sidney Hook","Morris Raphael Cohen"
"James Dickey","Theodore Roethke"
"Alvin Pang","Edwin Thumboo"
"Strato of Lampsacus","Theophrastus"
"Georg Henrik von Wright","Oswald Spengler"
"Victor Hugo","Walter Scott|Giada Trebeschi"
"Robert G. Ingersoll","Thomas Paine"
"Chinua Achebe","Ekow Duker"
"Francis Hutcheson (philosopher)","John Locke"
"Pablo Neruda","Alexander Pushkin"
"Alvin Plantinga","Thomas Reid|Bas van Fraassen"
"John Milton","John Pory|Ovid|Virgil|Hugo Grotius"
"Charles Perrault","Count Franz Pocci"
"Herbert Marcuse","Georg Wilhelm Friedrich Hegel|Max Horkheimer|Charles Fourier|Martin Heidegger|Theodor W. Adorno"
"Georges Simenon","Binet-Valmer|Edmond Locard"
"Rick Moody","Robert Coover|John Cheever|Amy Hempel"
"Stanley Elkin","William Gaddis"
"Mario Kopić","Giorgio Agamben|Martin Heidegger|Gianni Vattimo|Hannah Arendt"
"Will Self","J. G. Ballard|William S. Burroughs|Alasdair Gray|Louis-Ferdinand Céline"
"Laurell K. Hamilton","Robert E. Howard"
"Roberto Saviano","Julius Evola"
"Carl F. H. Henry","Gordon Clark"
"Salvatore Quasimodo","Giuseppe Ungaretti"
"Karl Leonhard Reinhold","Immanuel Kant|Salomon Maimon"
"Howard Waldrop","Chad Oliver"
"Richard Tarnas","Rudolf Steiner"
"Naomi Wolf","Abbie Hoffman"
"Friedrich Engels","Georg Wilhelm Friedrich Hegel|Heraclitus|Jean-Jacques Rousseau|Ludwig Feuerbach|Max Stirner|Bruno Bauer"
"Wallace Stevens","George Santayana"
"Yevgeny Zamyatin","Nikolai Leskov"
"Lawrence Ferlinghetti","Kenneth Patchen"
"Alastair Reynolds","Bruce Sterling|Joan D. Vinge"
"Michel Onfray","Albert Camus|Democritus|Epicurus|Julien Offray de La Mettrie|Émile Armand|Diogenes of Sinope|Michel de Montaigne|Han Ryner|Georges Palante|Aristippus|Baron d'Holbach"
"Maurice Blondel","Émile Boutroux|Maine de Biran"
"Cora Diamond","Ludwig Wittgenstein|Stanley Cavell"
"Gregory Benford","Poul Anderson"
"Henri Lefebvre","Kostas Axelos"
"Katherine Mansfield","George Gurdjieff|Beatrice Hastings"
"John Stuart Mill","Charles Babbage|David Hume|Edmund Burke|Epicurus|George Berkeley|Alexander Bain|Alexis de Tocqueville|James Mill|Sir William Hamilton, 9th Baronet|Jeremy Bentham|Wilhelm von Humboldt|Josiah Warren|Auguste Comte|Claude Henri de Rouvroy, comte de Saint-Simon"
"Michel Bréal","Franz Bopp"
"Paul Celan","Friedrich Hölderlin|Yvan Goll"
"David Drake","Robert E. Howard|L. Sprague de Camp"
"Javed Ahmad Ghamidi","Shibli Nomani"
"Raymond Queneau","Alexandre Kojève"
"Noam Chomsky","David Hume|Immanuel Kant|René Descartes|Nelson Goodman|Mikhail Bakunin|Peter Kropotkin|Wilhelm von Humboldt|Jaklin Kornfilt"
"Jacques Derrida","Edmund Husserl|Ferdinand de Saussure|Georg Wilhelm Friedrich Hegel|Jean-Jacques Rousseau|Søren Kierkegaard|Friedrich Hölderlin|Alexandre Kojève|Paul Ricœur|Emmanuel Levinas|Martin Heidegger|Carl Schmitt|Kostas Axelos"
"Einar Niemi","Ingrid Semmingsen"
"William of Ockham","Duns Scotus|Peter Abelard"
"Pseudo-Dionysius the Areopagite","Proclus|Plotinus"
"Nancy Cartwright (philosopher)","Bas van Fraassen|Arthur Fine"
"Ghalib","Mir Taqi Mir|Baksh Nasikh"
"Jean-François Lyotard","Ludwig Wittgenstein|Wlad Godzich|Michel de Montaigne"
"Robin Hobb","Jack Vance"
"John O'Hara","William Keepers Maxwell, Jr."
"W. H. Pugmire","H. Warner Munn"
"Edmund Blunden","Siegfried Sassoon"
"Michael de Larrabeiti","Robert Louis Stevenson"
"Robert S. Corrington","Justus Buchler"
"Erkin Vohidov","Abdulla Qahhor"
"Tadeusz Różewicz","Leopold Staff"
"Ignatiy Vishnevetsky","Jonathan Rosenbaum"
"Mike Chinn","Ramsey Campbell"
"Louis-Ferdinand Céline","Gustave Flaubert|Guy de Maupassant|Arthur Rimbaud"
"Thomas M. Disch","J. G. Ballard"
"H. H. Price","Harold Arthur Prichard"
"Pierre Boutang","Charles Maurras|Gabriel Marcel"
"Félix Guattari","Gilles Deleuze|Gregory Bateson"
"Carlo Emilio Gadda","Carlo Dossi"
"Alice Munro","Stendhal|Margaret Laurence"
"Bret Easton Ellis","William Faulkner|Don DeLillo"
"Muhammad Husayn Tabataba'i","Amjad Jauhari|Mulla Sadra"
"Emmanuel Hocquard","Michael Palmer (poet)"
"Leo Tolstoy","George Eliot|Jean-Jacques Rousseau|Laurence Sterne|Stendhal|Henry George|Nikolai Gogol|Alexander Pushkin|Peter Kropotkin|Henry David Thoreau|Petr Chelčický|Mitrofan Lodyzhensky|African Spir"
"J. L. Austin","G. E. Moore|Gilbert Ryle"
"Fateh Muhammad Malik","Muhammad Iqbal"
"Evald Ilyenkov","Lev Vygotsky"
"Josipina Turnograjska","France Prešeren"
"Kevin Young (poet)","John Berryman"
"Moses Mendelssohn","Friedrich Heinrich Jacobi|Johann Heinrich Lambert"
"Simon Scarrow","Bernard Cornwell"
"Nicholas Moore","Meary James Thurairajah Tambimuttu"
"Julio Cortázar","Lawrence Durrell"
"Drago Jančar","Boris Pahor|Rudi Šeligo|Veno Taufer|Dominik Smole"
"Thomas Wolfe","Sherwood Anderson"
"Kenneth Binmore","John Harsanyi|Robert Sugden (economist)"
"Umberto Saba","Giacomo Leopardi|Scipio Slataper"
"François Mauriac","Maurice Barrès"
"Brand Blanshard","Josiah Royce"
"Tacitus","Personal life of Cicero|Writings of Cicero|Political career of Cicero"
"Gianni Vattimo","Richard Rorty|John D. Caputo"
"Othmar Spann","Adam Müller"
"Robert Frost","Thomas Hardy"
"Giovanni Boccaccio","Ovid"
"Philip Pettit","Niccolò Machiavelli"
"Eric Hobsbawm","Antonio Gramsci|Nikolai Kondratiev"
"J. P. Moreland","William Lane Craig"
"Hipparchia of Maroneia","Crates of Thebes"
"Ciril Zlobec","Srečko Kosovel|Dragotin Kette"
"Norbert Bolz","Jacob Taubes"
"Leopold Staff","Leconte de Lisle|Antoni Lange|Antoni Malczewski"
"Lars Norén","August Strindberg"
"H. Bonciu","Urmuz"
"Tao Lin","Lydia Davis|Ann Beattie|Joy Williams (American writer)|Richard Yates (novelist)|Bret Easton Ellis|Don DeLillo"
"Spider Robinson","Robert A. Heinlein|John D. MacDonald"
"Ion Luca Caragiale","Ion Heliade Rădulescu"
"Pete Hamill","Normand Poirier"
"J. G. Ballard","William S. Burroughs"
"Jože Snoj","France Balantič|Josip Murn|Gregor Strniša"
"Khalid Masud","Amin Ahsan Islahi"
"Muhammad Mahdi al-Jawahiri","Antarah ibn Shaddad|Al-Mutanabbi"
"Jacob Taubes","Carl Schmitt"
"Italo Calvino","Laurence Sterne|Giada Trebeschi"
"André Breton","Comte de Lautréamont|Alexandre Kojève|Charles Fourier"
"Catulle Mendès","Leconte de Lisle"
"Fyodor Dostoyevsky","Miguel de Cervantes|Adam Mickiewicz|Nikolai Gogol|Vissarion Belinsky|Alexander Pushkin|Vladimir Solovyov (philosopher)|Mikhail Lermontov"
"Oğuz Atay","Vladimir Nabokov|Ahmet Hamdi Tanpınar"
"Peter Abelard","Boethius"
"William T. Vollmann","Comte de Lautréamont|Yasunari Kawabata|Louis-Ferdinand Céline"
"Lee Child","John D. MacDonald"
"Claude Adrien Helvétius","Étienne Bonnot de Condillac"
"Tom Clancy","Robert A. Heinlein"
"Guy Debord","André Breton|György Lukács|Henri Lefebvre|Antonie Pannekoek|Marquis de Sade|Cornelius Castoriadis"
"Erich Fromm","Max Horkheimer"
"Edward Abramowski","Augustyn Wróblewski"
"Joris-Karl Huysmans","Jules Barbey d'Aurevilly"
"Leo Strauss","Baruch Spinoza|Immanuel Kant|Jean-Jacques Rousseau|Maimonides|Alexandre Kojève|Martin Heidegger|Writings of Cicero|Carl Schmitt|Ernst Cassirer"
"Henrik Ibsen","Søren Kierkegaard|August Strindberg|Jens Peter Jacobsen|Henrik Wergeland"
"Simon Armitage","Weldon Kees|Ted Hughes"
"Hugo Grotius","Francisco Suárez"
"David Hartley (philosopher)","Thomas Reid"
"Sextus Empiricus","Pyrrho|Euhemerus|Carneades|Aenesidemus"
"Joyce Johnson","Jack Kerouac"
"Sebastian Shaumyan","Ferdinand de Saussure"
"Dane Zajc","Srečko Kosovel|Josip Murn"
"Stephen King","Richard Matheson|John D. MacDonald|William Golding|Elmore Leonard|Jim Thompson (writer)|M. P. Shiel|Daphne du Maurier"
"Graham Harman","José Ortega y Gasset"
"Hal Duncan","Michael de Larrabeiti"
"Thomas Mann","George Eliot|Knut Hamsun|Jens Peter Jacobsen|Johann Wolfgang von Goethe|Mario Szenessy|Adalbert Stifter"
"Theocritus","Philitas of Cos"
"Ștefan Petică","Traian Demetrescu"
"Brian Massumi","Félix Guattari|Gilles Deleuze"
"Harold Bloom","Ralph Waldo Emerson|Hans Jonas|Owen Barfield|Hart Crane|Northrop Frye|Wallace Stevens"
"Barbara Branden","Sidney Hook"
"Hermann Lotze","Johann Friedrich Herbart"
"Hamid Olimjon","Vladimir Mayakovsky|Maxim Gorky"
"Milovan Vidaković","Jovan Rajić"
"Susan Swan","Lawrence Durrell"
"William Michaelian","Richard Brautigan"
"Toril Moi","Stanley Cavell"
"Mihail Sebastian","Stendhal|Ion Luca Caragiale"
"Donald Antrim","Donald Barthelme"
"Israel Scheffler","Nelson Goodman"
"Gerald Griffin","John Banim"
"Nalî","Ahmad Khani"
"Howard Jacobson","Alessandro Piperno"
"Kathy Acker","William S. Burroughs"
"Luce Irigaray","Jacques Lacan"
"Richard McKeon","Étienne Gilson"
"Terence McKenna","Heraclitus|Marshall McLuhan|Alfred North Whitehead|Vladimir Nabokov|Richard Evans Schultes"
"Crates of Thebes","Antisthenes|Stilpo|Diogenes of Sinope"
"Alain-Fournier","Jacques Rivière"
"George Bacovia","Ion Minulescu|Traian Demetrescu"
"Eric Miles Williamson","Donald Barthelme"
"William L. Rowe","Thomas Reid"
"Henry Treece","Dylan Thomas"
"Charles Williams (British writer)","Evelyn Underhill"
"Carlo Rosselli","Antonio Gramsci"
"Virgil","Lucretius|Philodemus"
"Pierre-Joseph Proudhon","Jean-Jacques Rousseau|Charles Fourier|Writings of Cicero|Louis Blanc|Claude Henri de Rouvroy, comte de Saint-Simon|Victor Cousin"
"Hamid Dabashi","Edward Said"
"John Scotus Eriugena","Pseudo-Dionysius the Areopagite|Plotinus"
"Rainer Maria Rilke","Friedrich Hölderlin|Jens Peter Jacobsen|Leconte de Lisle|Kyriakos Charalambides"
"Charles W. Ramsdell","William Archibald Dunning"
"Mencius","Confucius"
"George Woodcock","Peter Kropotkin"
"Alojz Gradnik","France Prešeren|Josip Murn|Dragotin Kette"
"Isaac Bashevis Singer","Guy de Maupassant|Knut Hamsun"
"Shirley Jackson","Jonathan Dordick"
"Maurice Sendak","Ursula Nordstrom"
"Dionysios Solomos","Kyriakos Charalambides"
"Herbert Spencer","Sir William Hamilton, 9th Baronet|Auguste Comte"
"Frank O'Connor","William Keepers Maxwell, Jr."
"Robie Macauley","Ford Madox Ford"
"Fazal Ali Qureshi","Muhammad Sirajuddin Naqshbandi|Sayyad Laal Shah Hamdani"
"Jan Baudouin de Courtenay","August Leskien"
"Stephenie Meyer","Louisa May Alcott|Daphne du Maurier"
"José Martí","Henry George"
"Mo Yan","William Faulkner"
"Plato","Socrates|Heraclitus|Parmenides|Protagoras|Pythagoras|Gorgias|Zeno of Elea"
"Stephen Mulhall","Stanley Cavell"
"A. A. Milne","Joel Chandler Harris"
"Roman Jakobson","Ferdinand de Saussure|Alexander Luria"
"Grant Allen","Henry George"
"Norman O. Brown","Herbert Marcuse|Géza Róheim"
"Reza Negarestani","Gilles Châtelet|Nick Land"
"Frithjof Bergmann","Walter Kaufmann (philosopher)"
"Sergei Bulgakov","Vladimir Solovyov (philosopher)"
"Nikolai Gogol","Alexander Pushkin"
"Antisthenes","Socrates|Gorgias"
"Ernst Jünger","Oswald Spengler|Carl Schmitt|Max Stirner"
"Metrodorus of Lampsacus (the younger)","Epicurus"
"Sardar Fazlul Karim","Abdur Razzaq (professor)"
"Friedrich Nietzsche","Baruch Spinoza|Democritus|Empedocles|Epicurus|Heraclitus|Immanuel Kant|Niccolò Machiavelli|Parmenides|Protagoras|Ralph Waldo Emerson|Stendhal|Adam Mickiewicz|Friedrich Hölderlin|Giacomo Leopardi|Michel de Montaigne|Baltasar Gracián|Johann Wolfgang von Goethe|Friedrich Albert Lange|Ludwig Feuerbach|Damaris Cudworth Masham|Sextus Empiricus|Auguste Comte|Adalbert Stifter|Max Stirner|Bruno Bauer|African Spir|Johann Joachim Winckelmann"
"Julien Offray de La Mettrie","John Locke"
"Dennis Lee (author)","George Grant (philosopher)"
"Selma Lagerlöf","Thomas Mayne Reid"
"Alan Moore","William S. Burroughs|William Blake"
"Aleš Debeljak","Srečko Kosovel|Niko Grafenauer|Drago Jančar"
"Flannery O'Connor","William Faulkner|George Washington Harris|Simone Weil|Joel Chandler Harris"
"Michael Huemer","Thomas Reid"
"Derek Walcott","Robert Lowell|Elizabeth Bishop|John Figueroa"
"Christopher Klim","Robert Gover"
"Epictetus","Zeno of Citium"
"Wilhelm von Humboldt","Christian Jakob Kraus"
"Gaetano Mosca","Vilfredo Pareto"
"James Fenimore Cooper","Walter Scott"
"Camille Paglia","Erich Neumann (psychologist)|Marquis de Sade|Simone de Beauvoir|Harold Bloom"
"Karl Popper","David Hume|Edmund Burke|Friedrich Hayek|Heraclitus|John Stuart Mill|Alfred Tarski|William Stanley Jevons"
"Sean Dorrance Kelly","Hubert Dreyfus"
"Gangadhar V. Chittal","R. S. Mugali"
"Ben Lerner","Michael Palmer (poet)"
"Sharon Green","John Norman"
"Mike Wallace (historian)","Richard Hofstadter"
"Ann Beattie","Richard Yates (novelist)"
"James Mill","David Hartley (philosopher)"
"Frank O'Hara","Tatyana Grosman|Vladimir Mayakovsky"
"Rachel Kushner","Don DeLillo"
"David A. Kolb","Kurt Lewin"
"Pierre Gassendi","Epicurus|Lucretius"
"Douglas Kellner","Karl Korsch|Herbert Marcuse"
"Osip Mandelstam","Arkady Gornfeld|Alexander Pushkin|Mikhail Lermontov"
"Ion Vinea","N. D. Cocea|Urmuz"
"Diogenes of Sinope","Antisthenes"
"Daren Shiau","Edwin Thumboo"
"Ludwig Wittgenstein","Baruch Spinoza|Bertrand Russell|G. E. Moore|Oswald Spengler|Søren Kierkegaard|Gottlob Frege|Hermann von Helmholtz|Piero Sraffa|Johann Wolfgang von Goethe|Frank P. Ramsey|Otto Weininger|William James"
"Scott Lynch","George R. R. Martin"
"Ernest Gellner","Karl Popper"
"Max Blecher","Geo Bogza"
"John Milbank","Gillian Rose"
"Joseph A. Bracken","Alfred North Whitehead"
"Kevin Mulligan","Bernard Bolzano"
"J. C. Hutchins","Scott Sigler"
"Diana Gabaldon","Robert Louis Stevenson|John D. MacDonald|Dorothy L. Sayers"
"Alejo Carpentier","Richard Evans Schultes"
"Jonathan Lethem","J. G. Ballard|Robert Coover|Robert Stone (novelist)|Thomas Berger (novelist)|Don DeLillo"
"Chris Bateman","Kendall Walton"
"Olavo de Carvalho","Wolfgang Smith|José Ortega y Gasset"
"Terry Pratchett","Lloyd Alexander|Jack Vance"
"Georg Simmel","Immanuel Kant|Max Weber|Wilhelm Dilthey"
"Joseph de Maistre","Edmund Burke|Giambattista Vico|Louis Gabriel Ambroise de Bonald|Nicolas Malebranche"
"Salimullah Khan","Abdur Razzaq (professor)"
"José Zorrilla","Pedro Calderón de la Barca"
"John Irving","Thomas Williams (writer)"
"Denis Johnson","Robert Stone (novelist)|Malcolm Lowry"
"Jim Dodge","Jack Kerouac"
"François-Noël Babeuf","Jean-Jacques Rousseau"
"Raimundo Correia","Fagundes Varela"
"Larry Brown (author)","Harry Crews|Barry Hannah"
"Nikolai Berdyaev","Jakob Böhme|Vladimir Solovyov (philosopher)"
"Khushwant Singh","Rajneesh"
"Henri Michaux","Stéphane Mallarmé|Comte de Lautréamont"
"Eckhart Tolle","Meister Eckhart"
"Anne Frank","Cissy van Marxveldt"
"Christopher Hitchens","George Eliot|John Stuart Mill|Kingsley Amis|Salman Rushdie|Thomas Paine|Vladimir Nabokov|Edward Said|Richard Hofstadter|Leszek Kołakowski"
"Iris Murdoch","Elizabeth Anscombe|Simone Weil"
"Paul Theroux","Robie Macauley"
"Mark Saxton","Austin Tappan Wright"
"Jules Michelet","Giambattista Vico"
"Averroes","Avempace"
"Charles Taylor (philosopher)","Georg Wilhelm Friedrich Hegel|Hubert Dreyfus|Elizabeth Anscombe|Émile Durkheim|Daniel Bell"
"Carlos Vaz Ferreira","John Stuart Mill"
"Douglas Rushkoff","Marshall McLuhan"
"Carl Hiaasen","John D. MacDonald"
"Jack London","Herbert Spencer"
"Enrique Gómez Carrillo","Lorenzo Montúfar y Rivera"
"Dušan Jovanović (theatre director)","Jože Javoršek|Rudi Šeligo"
"J. M. Coetzee","William Faulkner|Ford Madox Ford"
"Vladimir Nabokov","Gustave Flaubert|Robert Louis Stevenson|Nikolai Gogol|Alexander Pushkin|Thomas Mayne Reid|Ivan Turgenev"
"Ivan Yefremov","Helena Roerich|Alexander Belyaev"
"Anne Sexton","Sylvia Plath|Theodore Roethke|Robert Lowell|John Berryman"
"Kage Baker","Jack Vance"
"Robert Silverberg","Jack Vance|Roger Zelazny"
"France Balantič","Srečko Kosovel|France Prešeren|Alojz Gradnik|Josip Murn|Anton Vodnik"
"Poul Anderson","Robert E. Howard|L. Sprague de Camp|Jack Vance"
"Harper Lee","William Faulkner|Truman Capote"
"Naoya Shiga","Kazuo Hirotsu"
"Evelyn Waugh","Ronald Firbank"
"Stan Barstow","Sid Chaplin"
"Dean Koontz","Robert A. Heinlein|John D. MacDonald|Jack Vance"
"Ludwig Thoma","Ludwig Ganghofer"
"Jack Vance","Edward Plunkett, 18th Baron of Dunsany"
"John Mearsheimer","Kenneth Waltz|Samuel P. Huntington"
"Kurt Vonnegut","James Thurber|William March|Theodore Sturgeon|Louis-Ferdinand Céline"
"Lawrence Durrell","Meary James Thurairajah Tambimuttu"
"Antoni Słonimski","Antoni Lange"
"Gene Wolfe","Robert Aickman|R. A. Lafferty|Jack Vance|Vladimir Nabokov"
"Gary Snyder","Robinson Jeffers"
"David Hume","Montesquieu|Epicurus|George Berkeley|Gottfried Wilhelm Leibniz|Jean-Jacques Rousseau|John Locke|Niccolò Machiavelli|Pyrrho|Writings of Cicero|Pierre Bayle|Damaris Cudworth Masham|Nicolas Malebranche|Sextus Empiricus|Francis Hutcheson (philosopher)"
"Robert Bly","Theodore Roethke"
"Martin Buber","Rudolf Steiner|Søren Kierkegaard|Max Scheler|Jacob L. Moreno|Ludwig Feuerbach"
"David Foster Wallace","Robert Coover|Lydia Davis|David Markson|Donald Barthelme|Jean Baudrillard|Julio Cortázar|Joseph McElroy|Don DeLillo|William Gaddis"
"Edgar Rice Burroughs","H. Rider Haggard"
"Paolo Virno","Gabriel Tarde"
"Coleman Barks","Robert Bly"
"Louis Aragon","Maurice Barrès"
"Bas van Fraassen","Wilfrid Sellars"
"George MacDonald","Friedrich de la Motte Fouqué|Novalis"
"John B. Cobb","Alfred North Whitehead|Charles Hartshorne"
"Tatsuko Hoshino","Kyoshi Takahama"
"Muhammad ibn Zakariya al-Razi","Abu Zayd al-Balkhi"
"Peter van Inwagen","Alvin Plantinga"
"Letícia Wierzchowski","Erico Verissimo"
"Robert Jordan","John M. Ford"
"Karl Marx","Baruch Spinoza|Charles Babbage|Democritus|Denis Diderot|Epicurus|Georg Wilhelm Friedrich Hegel|Jean-Jacques Rousseau|Ludwig Börne|Joseph Dietzgen|Jean Charles Léonard de Sismondi|Pierre-Joseph Proudhon|Charles Fourier|Giambattista Vico|Lucretius|William Petty|Ludwig Feuerbach|Thomas Hodgskin|Auguste Comte|Max Stirner|Claude Henri de Rouvroy, comte de Saint-Simon|Bruno Bauer|Baron d'Holbach"
"Mikhail Lermontov","Alexander Pushkin"
"Gala Galaction","Tudor Arghezi"
"Jeffrey Eugenides","Vladimir Nabokov"
"John Zerzan","Ivan Illich|Jacques Ellul"
"M. Mukundan","M. T. Vasudevan Nair"
"Fulvio Tomizza","Ivan Cankar|Scipio Slataper"
"David Eddings","Edward Plunkett, 18th Baron of Dunsany"
"Thomas Paine","Montesquieu|Jean-Jacques Rousseau|John Locke"
"George Chapman","Ovid"
"Josef Hora","Karel Hynek Mácha"
"Stefan Grabiński","Antoni Lange"
"Dragotin Kette","France Prešeren"
"Antun Knežević","Ivan Franjo Jukić"
"Michael Walzer","Charles Taylor (philosopher)"
"Rudolf Steiner","Johann Wolfgang von Goethe|Wilhelm Dilthey|Max Stirner|Franz Brentano|Karl Robert Eduard von Hartmann|African Spir"
"Hristo Botev","Alexander Pushkin"
"Marjan Rožanc","Vitomil Zupan|Dominik Smole|Scipio Slataper|France Bevk"
"Carlo Dossi","Giuseppe Rovani"
"Antoni Lange","Leconte de Lisle|Antoni Malczewski"
"Ali-Shir Nava'i","Nizami Ganjavi"
"Frank Herbert","Jack Vance"
"José Saramago","Fernando Pessoa|Miguel de Cervantes|Nikolai Gogol|Michel de Montaigne"
"Minette Walters","Ruth Rendell"
"Iain Hamilton Grant","Friedrich Wilhelm Joseph Schelling|Nick Land"
"James Kelman","Edwin Morgan (poet)"
"Michel Foucault","Epicurus|Ferdinand de Saussure|Gilles Deleuze|Gustave Flaubert|Immanuel Kant|Roman Jakobson|Friedrich Hölderlin|Alexandre Kojève|Georges Canguilhem|Pierre Hadot|Louis Althusser|Martin Heidegger|Roland Barthes|Georges Dumézil|Georges Bataille|Marquis de Sade|Gaston Bachelard"
"Mary Shelley","William Godwin|Jean-Baptiste Benoît Eyriès|Clara Reeve"
"Colum McCann","Don DeLillo"
"Robert Gilpin","Kenneth Waltz"
"Joe Haldeman","Roger Zelazny"
"José Carlos Mariátegui","Benedetto Croce|Henri Barbusse"
"Lord Byron","Jean-Baptiste Benoît Eyriès|George Crabbe"
"Ahmad Shamloo","Hushang Irani"
"Joxe Azurmendi","Immanuel Kant|Wilhelm von Humboldt|Isaiah Berlin"
"Shirley Corriher","Harold McGee"
"Guillaume Faye","Alain de Benoist"
"Joshua Knobe","P. F. Strawson"
"David Mitchell (author)","Don DeLillo"
"Jean Cavaillès","Léon Brunschvicg"
"John Norman","Edgar Rice Burroughs"
"Jean-Luc Nancy","Martin Heidegger"
"Cleanthes","Zeno of Citium"
"David Anthony Durham","George R. R. Martin"
"Wilfrid Sellars","Gilbert Ryle|Curt John Ducasse"
"Angus Donald","Bernard Cornwell"
"Philodemus","Epicurus|Zeno of Sidon"
"Michael J. Sandel","Michael Walzer|Charles Taylor (philosopher)"
"H. Rider Haggard","Robert Louis Stevenson"
"John Berger","Martin Buber"
"Sașa Pană","Urmuz"
"Eric de Kuyper","Algirdas Julien Greimas"
"Eugène Minkowski","Ludwig Binswanger"
"William H. Gass","Gustave Flaubert|Robert Coover|William Gaddis"
"Kate Chopin","Guy de Maupassant"
"Franz Brentano","Friedrich Adolf Trendelenburg"
"Alexandru Macedonski","Pantazi Ghica|Ion Heliade Rădulescu"
"Jyotirao Phule","Thomas Paine"
"David Weber","C. S. Forester|Anne McCaffrey"
"Steven Brust","Roger Zelazny"
"Brian McNaughton","Robert E. Howard"
"Mario Vargas Llosa","Gustave Flaubert|José Ortega y Gasset"
"Ed McBain","T. H. White"
"William Trevor","Roger Angell"
"Giorgos Seferis","Kyriakos Charalambides"
"Alain Badiou","Fernando Pessoa|Jacques Lacan|Jean-Paul Sartre|Paul Cohen|Stéphane Mallarmé|Martin Heidegger"
"Paul Copan","William Lane Craig"
"Nicholas Wolterstorff","Thomas Reid|Alvin Plantinga"
"Hart Crane","James Macpherson|Harry Crosby"
"Fran Lebowitz","Dorothy Parker|James Thurber"
"Baltasar Gracián","Lucian"
"Angelos Sikelianos","Ion Dragoumis"
"Homi K. Bhabha","Salman Rushdie|Edward Said"
"Ilan Stavans","Margo Glantz|Octavio Paz"
"Albert Camus","Herman Melville|Jean-Paul Sartre|Søren Kierkegaard|Octave Mirbeau|Giacomo Leopardi|Georges Palante|Simone Weil|Max Stirner|Simone de Beauvoir"
"Philippe Descola","Claude Lévi-Strauss"
"Richard Yates (novelist)","William Styron"
"John Wycliffe","William of Ockham"
"Everett Rogers","Gabriel Tarde"
"Johann Gottfried Herder","Thomas Blackwell (scholar)|Johann Georg Hamann|Johann Joachim Winckelmann"
"Susan Neiman","John Rawls"
"João de Lemos","Alexandre Herculano|Camilo Castelo Branco"
"Walter Scott","George Crabbe"
"Paul Ricœur","Edmund Husserl|Roman Jakobson|Richard McKeon|Emmanuel Levinas|Maurice Halbwachs|Karl Jaspers|Félix Ravaisson-Mollien"
"Edward Gordon Craig","Isadora Duncan"
"Muhammad Sirajuddin Naqshbandi","Muhammad Usman Damani"
"Ann Coulter","M. Stanton Evans"
"Alexandre Herculano","Almeida Garrett"
"Antonio Machado","José Ortega y Gasset|Gustavo Adolfo Bécquer"
"John William Polidori","Jean-Baptiste Benoît Eyriès"
"Auguste Comte","Jean-Baptiste Say|Claude Henri de Rouvroy, comte de Saint-Simon"
"Scott Westerfeld","William Gibson"
"Umberto Eco","Italo Calvino|Giada Trebeschi|Luigi Malerba|Jean Piaget"
"Émile Zola","Gustave Flaubert|Stendhal"
"Rabindranath Tagore","Pramatha Chaudhuri"
"Gaston Leroux","Fortuné du Boisgobey"
"Keith Ward","Richard Swinburne"
"Francis Parker Yockey","Oswald Spengler|Julius Evola"
"Veno Taufer","Dane Zajc|Dominik Smole"
"Alexius Meinong","Franz Brentano"
"Terry Bisson","R. A. Lafferty"
"Theodor Storm","Ivan Turgenev"
"Helen Keller","Henry George"
"Gottlob Frege","Gottfried Wilhelm Leibniz|Bernard Bolzano|Kuno Fischer|Friedrich Adolf Trendelenburg|Hermann Lotze"
"Ernest Nagel","Morris Raphael Cohen"
"Romain Rolland","Grigol Robakidze"
"Iain Banks","Brian Aldiss|Dan Simmons|Robert A. Heinlein|M. John Harrison|Alasdair Gray|Arthur C. Clarke"
"Gonzalo Arango","Fernando González (writer)"
"Stephen Neale","Deirdre Wilson"
"Carol Shields","Margaret Laurence"
"Elie Wiesel","François Mauriac"
"Vera Kamsha","Nick Perumov"
"Ned Block","Hilary Putnam"
"Saul Bellow","Rudolf Steiner|Stendhal|Owen Barfield|Edward Shils"
"Anthony Kenny","Elizabeth Anscombe|Peter Geach"
"Denis Fahey","Edward Cahill"
"László Németh","Attila József"
"Erich Maria Remarque","Henri Barbusse"
"David A. Hargrave","Roger Zelazny"
"Kir Bulychev","Alexander Belyaev"
"J. D. Salinger","William Keepers Maxwell, Jr.|Robert Burns|Sherwood Anderson"
"Herman Melville","Thomas Browne|Owen Chase|Luís de Camões"
"William Wordsworth","Henry Vaughan|David Hartley (philosopher)|Robert Burns"
"António Augusto Soares de Passos","Almeida Garrett|Alexandre Herculano"
"Andre Dubus III","Thomas Williams (writer)|Andre Dubus"
"John Dewey","Jean-Jacques Rousseau|George Herbert Mead|Thomas Hill Green|George Sylvester Morris|William James"
"Charles Olson","William Carlos Williams"
"George Croom Robertson","Alexander Bain"
"Terry Eagleton","Slavoj Žižek|Raymond Williams"
"Larry Niven","Robert A. Heinlein"
"Fernando González (writer)","Tomás Carrasquilla"
"Zora Neale Hurston","Joel Chandler Harris"
"Jan Kasprowicz","Percy Bysshe Shelley"
"James Whitcomb Riley","Frank Lebby Stanton|Robert Burns"
"Donna Williams","Henriett Seth F."
"Elizabeth Bishop","Sylvia Plath|Alice Dayrell Caldeira Brant"
"Francis Fukuyama","Georg Wilhelm Friedrich Hegel|Alexandre Kojève|Samuel P. Huntington|Allan Bloom"
"F. A. Nettelbeck","Greg Hall (poet)"
"Friedrich Wilhelm Carové","Georg Wilhelm Friedrich Hegel"
"Robert Gernhardt","Wilhelm Busch"
"Meher Baba","Hazrat Babajan|Upasni Maharaj"
"Walter Pater","Heraclitus|Novalis"
"Phillip Blond","John Milbank"
"Félix Ravaisson-Mollien","Gottfried Wilhelm Leibniz|Friedrich Wilhelm Joseph Schelling|Damaris Cudworth Masham|Maine de Biran|Victor Cousin"
"Serge Latouche","Nicholas Georgescu-Roegen"
"William Alston","Thomas Reid"
"Richard David Precht","Michael J. Sandel"
"Jamie O'Neill","Brian O'Nolan"
"Zygmunt Bauman","Hans Jonas|Emmanuel Levinas|Cornelius Castoriadis"
"Lloyd Alexander","T. H. White"
"Alfonsina Storni","Amado Nervo"
"Wendy Brown (political scientist)","Sheldon Wolin"
"Slavoj Žižek","Georg Wilhelm Friedrich Hegel|Jacques Lacan|René Descartes|Jacques Rancière|Ernesto Laclau|Gillian Rose|Carl Schmitt|Friedrich Wilhelm Joseph Schelling|Fredric Jameson|Alain Badiou"
"Augusto Roa Bastos","Rafael Barrett"
"Henry James","Guy de Maupassant|Sheridan Le Fanu|Jules Barbey d'Aurevilly|Alexander Pushkin|Ivan Turgenev"
"Robert Crais","Raymond Chandler|Robert B. Parker"
"Jesse Bullington","Jeff VanderMeer"
"Jacques Le Goff","Cornelius Castoriadis"
"Seneca the Younger","Epicurus|Zeno of Citium|Posidonius"
"Chris Harman","Henryk Grossman"
"Alan Watts","Joseph Campbell|Carl Jung"
"Russell Kirk","Edmund Burke"
"Andre Dubus","Richard Yates (novelist)"
"Juan Vázquez de Mella","Juan Donoso Cortés"
"Max Scheler","Edmund Husserl|Nicolai Hartmann"
"Anne Carson","Simone Weil"
"Deon Meyer","Ekow Duker"
"Max Frisch","Theophil Spoerri|Robert Faesi"
"Wilhelm Dilthey","Georg Wilhelm Friedrich Hegel|John Stuart Mill|Friedrich Schleiermacher|Friedrich Adolf Trendelenburg|Johann Gustav Droysen"
"William Godwin","Edmund Burke|Thomas Paine"
"Steven Erikson","Robert E. Howard|Roger Zelazny"
"Alex Callinicos","Antonio Gramsci|Chris Harman"
"Ernst Cassirer","Immanuel Kant|Johann Wolfgang von Goethe"
"Jean-Joseph Rabearivelo","Ny Avana Ramanantoanina"
"Steven Millhauser","Robert Coover"
"Siegfried Sassoon","Henry Vaughan|Thomas Hardy|Henry Head|W. H. R. Rivers"
"Czesław Miłosz","Leopold Staff|Simone Weil"
"Robert M. Pirsig","Richard McKeon"
"Jack Ketchum","T. M. Wright"
"Christine Korsgaard","John Rawls"
"Sanford Kwinter","C. H. Waddington"
"Ullin Place","Gilbert Ryle"
"J. Jill Robinson","Raymond Carver"
"Rose Wilder Lane","Isabel Paterson|Laura Ingalls Wilder"
"D. H. Lawrence","Herman Melville|Otto Gross|Thomas Hardy|Jens Peter Jacobsen|Lev Shestov"
"Jason Brennan","David Schmidtz"
"Nancy Fraser","Martha Albertson Fineman|Axel Honneth|Richard J. Bernstein"
"Théophile Gautier","Adam Mickiewicz"
"Kit Fine","Arthur Prior"
"Louis Gabriel Ambroise de Bonald","Gottfried Wilhelm Leibniz|Joseph de Maistre|Damaris Cudworth Masham|Nicolas Malebranche"
"Dominik Smole","France Prešeren"
"Anthony Burgess","D. H. Lawrence|Ford Madox Ford|Vladimir Nabokov|Brian O'Nolan|Alasdair Gray"
"Rosi Braidotti","Gilles Deleuze"
"Tomaž Šalamun","Srečko Kosovel|Dane Zajc|Rudi Šeligo|Veno Taufer|Niko Grafenauer"
"Fuzûlî","Nizami Ganjavi"
"Jane Austen","George Crabbe|Samuel Richardson"
"Willard Van Orman Quine","Nelson Goodman|Burton Dreben|Alfred North Whitehead|Alfred Tarski|Rudolf Carnap|William of Ockham|Clarence Irving Lewis"
"Thornton Burgess","Joel Chandler Harris"
"Christian Cameron","Eric Rücker Eddison"
"Miguel Torga","Fernando Pessoa"
"Santa Rita Durão","Luís de Camões"
"Michel Henry","Paul Ricœur|Maine de Biran"
"Paul Goodman","Charles Fourier|Otto Rank"
"Anaximenes of Miletus","Anaximander|Thales"
"Stilpo","Euclid of Megara"
"Morris Raphael Cohen","Josiah Royce|William James"
"Jarosław Iwaszkiewicz","Leopold Staff"
"Matthew Arnold","Edmund Burke"
"Jayakanthan","T. M. Chidambara Ragunathan"
"Frantz Fanon","Jean-Paul Sartre"
"Giannina Braschi","Fernando Pessoa|Antonio Machado|Pedro Calderón de la Barca|Rubén Darío|Julia de Burgos|Seamus Heaney|Juan Ramón Jiménez|Luis Palés Matos|Julio Cortázar|Stanisław Ignacy Witkiewicz|Gustavo Adolfo Bécquer|Hannah Arendt"
"Robert Browning","Percy Bysshe Shelley|Christopher Smart"
"Xavier Zubiri","José Ortega y Gasset"
"Jonathan Swift","Daniel Defoe"
"Manuel DeLanda","Gilles Deleuze"
"Jules Vuillemin","Ludwig Wittgenstein|Alfred North Whitehead"
"Sylvia Plath","Theodore Roethke|Ted Hughes|Stevie Smith|Robert Lowell"
"Poppy Z. Brite","William S. Burroughs|Ramsey Campbell"
"Ron Padgett","Frank O'Hara"
"Clarence Irving Lewis","Josiah Royce"
"Léon Brunschvicg","Blaise Pascal|Lucien Lévy-Bruhl"
"Richard Wilbur","Robert Frost"
"Branislav Nušić","Jovan Sterija Popović"
"Guy de Maupassant","Gustave Flaubert"
"S. J. Perelman","Robert Benchley"
"Norberto Bobbio","Vilfredo Pareto|Hans Kelsen"
"Posidonius","Zeno of Citium|Panaetius"
"David Gemmell","Robert E. Howard"
"Douglas Murray (author)","Christopher Hitchens"
"Lawrence Sklar","Carl Gustav Hempel"
"Mou Zongsan","Immanuel Kant"
"Charles Bernard Renouvier","Jules Lequier"
"Vladimir Colin","A. Merritt"
"Joseph McElroy","William Gaddis"
"Friedrich Schiller","Pedro Calderón de la Barca|Johann Wolfgang von Goethe|Karl Leonhard Reinhold"
"John D. Caputo","Paul Ricœur"
"Tone Seliškar","Prežihov Voranc"
"Milič Čapek","Alfred North Whitehead"
"Proclus","Plotinus|Iamblichus"
"David Mamet","Harold Pinter"
"Adele Wiseman","Margaret Laurence"
"J. J. C. Smart","Henry Sidgwick"
"Ralph Waldo Emerson","Adam Mickiewicz|Michel de Montaigne|Alexander von Humboldt|Victor Cousin"
"Richard Rorty","Ludwig Wittgenstein|Wilfrid Sellars|Hubert Dreyfus|Martin Heidegger|Vladimir Nabokov|Jean-François Lyotard|Leo Strauss|Donald Davidson (philosopher)|Gianni Vattimo|Cornelius Castoriadis|William James"
"Vanna Bonta","Giovanni Pascoli"
"Heinrich Rickert","Wilhelm Windelband"
"Daagh Dehlvi","Mohammad Ibrahim Zauq"
"Tobias Wolff","Guy de Maupassant|Richard Yates (novelist)|Raymond Carver|Andre Dubus"
"Tucker Max","Tobias Wolff"
"Karl Rahner","Joseph Maréchal"
"Vasily Grossman","Semyon Lipkin"
"Israr Ahmed","Sultan Bashiruddin Mahmood|Sultan Bashir Mahmood"
"Bijan Abdolkarimi","Reza Davari Ardakani"
"Roberto Bolaño","Raymond Chandler|John Kennedy Toole|Juan Rulfo"
"Raymond Aron","Jean-Paul Sartre|Alexis de Tocqueville|Alexandre Kojève|Léon Brunschvicg|Émile Chartier"
"Baba Punhan","Mirza Alakbar Sabir"
"Martin Edwards (author)","Ruth Rendell"
"Nikolas Kompridis","Stanley Cavell|Charles Taylor (philosopher)|Cornelius Castoriadis"
"Michael Moorcock","Edgar Rice Burroughs|Edward Plunkett, 18th Baron of Dunsany|J. G. Ballard|Poul Anderson|Robert E. Howard|Jack Vance|Leigh Brackett|T. H. White"
"Alexander McCall Smith","R. K. Narayan|E. F. Benson"
"Protagoras","Zeno of Elea"
"Dimitri Kitsikis","Halford Mackinder"
"Nicolae Constantin Batzaria","Ion Creangă"
"Ferdinand de Saussure","August Leskien"
"Anthony Collins","John Locke"
"Ľudovít Štúr","Johann Gottfried Herder"
"John Locke","Francis Bacon|René Descartes|Writings of Cicero|Algernon Sidney|Thomas Sydenham|Pierre Gassendi|Hugo Grotius|John Selden"
"Boethius","Porphyry (philosopher)|Plotinus"
"Terry Dowling","Jack Vance"
"Muhamad Salih Dilan","Nalî"
"Claude Lévi-Strauss","Ferdinand de Saussure|Roman Jakobson|Marcel Mauss|Émile Durkheim|Alfred Radcliffe-Brown"
"Rudolf Carnap","Edmund Husserl|Ludwig Wittgenstein|Gottlob Frege|Alfred Tarski"
"Comte de Lautréamont","Adam Mickiewicz"
"Helen Longino","Peter Achinstein"
"Caroline Myss","Elisabeth Kübler-Ross"
"Emil Fackenheim","Georg Wilhelm Friedrich Hegel|Friedrich Wilhelm Joseph Schelling"
"André Glucksmann","Emmanuel Levinas|Raymond Aron"
"Walter Wink","William Stringfellow"
"Qadi Thanaullah Panipati","Mirza Mazhar Jan-e-Janaan"
"Clayton Rawson","John Dickson Carr"
"Thomas Bernhard","Witold Gombrowicz|Novalis"
"Jan Mukařovský","Ferdinand de Saussure"
"Denise Levertov","William Carlos Williams"
"Juan Donoso Cortés","Louis Gabriel Ambroise de Bonald|Joseph de Maistre"
"George Santayana","Baruch Spinoza|Democritus|William James"
"Abdurrahman Sharafkandi","Riza Talabani|Nalî|Ahmad Khani"
"Wolfgang Smith","Alfred North Whitehead"
"Paul Kurtz","Sidney Hook"
"John Jakes","Robert E. Howard"
"José-Maria de Heredia","Leconte de Lisle"
"Ross Macdonald","Raymond Chandler"
"Rudi Šeligo","Dane Zajc|Veno Taufer|Dominik Smole|Gregor Strniša"
"Allan Bloom","Jean-Jacques Rousseau|Alexandre Kojève|Leo Strauss"
"Dallas Willard","Edmund Husserl"
"Edvard Hoem","Henrik Wergeland"
"Mortimer J. Adler","Jacques Maritain"
"C. L. Moore","Robert E. Howard"
"Michael Martin (philosopher)","J. L. Mackie"
"Josip Murn","France Prešeren|Dragotin Kette"
"Mantarō Kubota","Masao Kume"
"Ștefan Baciu","Urmuz|Păstorel Teodoreanu"
"Michel Houellebecq","Raël|Bret Easton Ellis|Louis-Ferdinand Céline"
"Allen Ginsberg","Arthur Rimbaud|William Carlos Williams|William S. Burroughs|Mark Van Doren|Richard Evans Schultes|Kenneth Patchen"
"Eileen Myles","Frank O'Hara"
"Ivan Soll","Walter Kaufmann (philosopher)"
"John MacLachlan Gray","William Gibson"
"Chuck Palahniuk","Ken Kesey|Mark Richard|Amy Hempel|Bret Easton Ellis|Don DeLillo"
"Cory Doctorow","William Gibson"
"Adam Ferguson","William Cleghorn"
"Nikos Kazantzakis","Ion Dragoumis|Grigol Robakidze"
"John Henry Mackay","Benjamin Tucker|Max Stirner"
"Avital Ronell","Emmanuel Levinas|Hélène Cixous|Pierre Alféri"
"F. H. Bradley","Georg Wilhelm Friedrich Hegel|Christoph von Sigwart|Thomas Hill Green"
"John Cooper Clarke","Roger McGough"
"Lev Shestov","Søren Kierkegaard"
"Vissarion Belinsky","Nikolai Stankevich"
"Jonathan Rosenbaum","Manny Farber"
"Abdel Rahman Badawi","Alexandre Koyré"
"Jerry Fodor","David Hume|Nelson Goodman|Hilary Putnam"
"Sergiu Dan","Urmuz"
"Alain de Benoist","Ernst Jünger|Julius Evola|Vilfredo Pareto|Carl Schmitt|Georges Dumézil|José Ortega y Gasset"
"Bob Shacochis","Barry Hannah"
"Christopher Priest (novelist)","J. G. Ballard"
"Jean Toomer","George Gurdjieff"
"Zeno of Elea","Parmenides"
"Mavis Gallant","William Keepers Maxwell, Jr."
"Jean Baudrillard","J. G. Ballard|Marshall McLuhan|Cornelius Castoriadis"
"Arthur Conan Doyle","Robert Louis Stevenson|Walter Scott|Fortuné du Boisgobey|William Crawford Honeyman"
"David Ray Griffin","Alfred North Whitehead|John B. Cobb|Charles Hartshorne"
"Renzo Novatore","Georges Palante|Max Stirner"
"Ivan Minatti","Dragotin Kette"
"Henry Miller","Knut Hamsun|Oswald Spengler|Arthur Rimbaud|August Strindberg|François Rabelais|H. Rider Haggard|Louis-Ferdinand Céline|Otto Rank"
"Anna-Teresa Tymieniecka","Roman Ingarden"
"John Searle","Ludwig Wittgenstein|Noam Chomsky|Gilbert Ryle|P. F. Strawson|J. L. Austin"
"Carol Bowman","Roger Woolger"
"Michele Marsonet","Nicholas Rescher"
"John Pentland Mahaffy","Kuno Fischer"
"Pacho O'Donnell","José María Rosa"
"Pramoedya Ananta Toer","Tan Malaka"
"W. Somerset Maugham","Guy de Maupassant"
"Tom Wolfe","Jack Kerouac|Ken Kesey"
"Iordan Chimet","Constant Tonegaru|Urmuz"
"Arthur M. Schlesinger, Jr.","Richard Hofstadter"
"Paul Heyse","Gustav Falke"
"Dave Eggers","Lydia Davis|Robert Coover|Donald Barthelme"
"John Banim","Walter Scott"
"Tatsuji Miyoshi","Motojirō Kajii"
"Emer de Vattel","Christian Wolff (philosopher)"
"Scott Sigler","Carlo Wolff"
"Dieter Henrich","Hans-Georg Gadamer|Johann Gottlieb Fichte"
"John Shannon (novelist)","Raymond Chandler|Robert Stone (novelist)"
"Jack Williamson","A. Merritt"
"Tony Harrison","Jocelyn Herbert"
"C. N. Sreekantan Nair","C. V. Raman Pillai"
"Georg Wilhelm Friedrich Hegel","Montesquieu|Baruch Spinoza|Gottfried Wilhelm Leibniz|Heraclitus|Immanuel Kant|Jean-Jacques Rousseau|Johann Gottlieb Fichte|Friedrich Hölderlin|John Scotus Eriugena|Jakob Böhme|Friedrich Heinrich Jacobi|Giambattista Vico|Friedrich Wilhelm Joseph Schelling|Johann Wolfgang von Goethe|Johann Gottfried Herder|Sextus Empiricus|Johann Georg Hamann"
"Johann Wolfgang von Goethe","Baruch Spinoza|Denis Diderot|Jean-Jacques Rousseau|Pedro Calderón de la Barca|Friedrich Wilhelm Joseph Schelling|James Macpherson|Johann Gottfried Herder|Lucian|Johann Georg Hamann|Johann Joachim Winckelmann"
"Hélène Cixous","Clarice Lispector"
"Hermann Hesse","Knut Hamsun|Friedrich Hölderlin|Julius Evola|Carl Jung|Jens Peter Jacobsen|Johann Wolfgang von Goethe|Novalis"
"Caterina Albert","Narcís Oller"
"Roger Zelazny","Jack Vance|Lawrence Durrell"
"Charles Baudelaire","Ovid|Joseph de Maistre"
"Pierre de Ronsard","Horace"
"David Chalmers","René Descartes"
"Paul Verlaine","Stéphane Mallarmé|Leconte de Lisle"
"A. L. Kennedy","Edwin Morgan (poet)|Alasdair Gray"
"Stanley Cavell","Nelson Goodman|Henry David Thoreau|J. L. Austin"
"Tahar Ben Jelloun","Taha Hussein"
"Nicolas Malebranche","René Descartes"
"Peter Hacker","Georg Henrik von Wright|Ludwig Wittgenstein"
"John Varley (author)","Robert A. Heinlein"
"Carolyn Kizer","Theodore Roethke"
"Thomas Pogge","Immanuel Kant|John Rawls"
"Pierre Bourdieu","Georges Canguilhem|P. F. Strawson|Émile Durkheim|Claude Lévi-Strauss|Norbert Elias"
"George Eliot","Baruch Spinoza|Walter Scott|Charles Bray"
"Sarah Pinborough","Carlo Wolff"
"Jonathan Safran Foer","Joyce Carol Oates"
"Simone de Beauvoir","Georg Wilhelm Friedrich Hegel|Jean-Paul Sartre|Søren Kierkegaard|Humayun Azad|Avijit Roy|Marquis de Sade"
"Mark Doty","James Merrill|Robert Lowell"
"Karen Russell","George Saunders|Joy Williams (American writer)"
"Michael Cunningham","Virginia Woolf"
"Gordon Lish","Wallace Stegner"
"Rémi Brague","Leo Strauss"
"Arthur Drews","Plotinus|Bruno Bauer|Karl Robert Eduard von Hartmann"
"Algernon Charles Swinburne","Edmund John"
"Giosuè Carducci","Ugo Foscolo|Giacomo Leopardi"
"Antony Flew","Richard Swinburne"
"Gabriel Marcel","Edmund Husserl|Søren Kierkegaard|Josiah Royce|Nikolai Berdyaev|François Mauriac|Martin Buber"
"Witold Gombrowicz","Bruno Schulz"
"Vittorio Hösle","Hans Jonas|Giambattista Vico|Karl-Otto Apel"
"John Kennedy Toole","Flannery O'Connor"
"J. R. R. Tolkien","Edward Plunkett, 18th Baron of Dunsany|George MacDonald|Owen Barfield|H. Rider Haggard"
"Panaetius","Zeno of Citium"
"Yanka Kupala","Adam Mickiewicz"
"Aleksandr Solzhenitsyn","Alexander Pushkin|Andrey Dikiy"
"Oliver La Farge","Angie Debo"
"Bolesław Leśmian","Antoni Lange"
"János Pilinszky","Attila József|Simone Weil"
"Jean-Jacques Rousseau","Montesquieu|John Locke|Niccolò Machiavelli|Michel de Montaigne|Étienne Bonnot de Condillac|Hugo Grotius|Samuel Richardson"
"Robert Louis Stevenson","Guy de Maupassant|Walter Scott"
"Anne-Marie Baiynd","Brian Shannon"
"Democritus","Anaximander|Leucippus"
"Jan Hus","John Wycliffe"
"William Lane Craig","Milič Čapek|Richard Swinburne|Alvin Plantinga"
"Richard A. Lupoff","Robert E. Howard"
"Orhan Pamuk","Italo Calvino|Kazi Nazrul Islam|Thomas Bernhard|Oğuz Atay|Reşat Ekrem Koçu|Thomas Mann|Ahmet Hamdi Tanpınar"
"Benjamin Zephaniah","Roger McGough"
"Amanda Filipacchi","Italo Calvino|Brian O'Nolan|Donald Barthelme"
"Percy Bysshe Shelley","Adam Weishaupt|Pedro Calderón de la Barca|Ovid|William Godwin|Robert Burns|Jean-Baptiste Benoît Eyriès"
"William Gibson","William S. Burroughs|Joseph Cornell"
"John Cowper Powys","Thomas Hardy"
"Gerald Cohen","Gilbert Ryle"
"David Gascoyne","Benjamin Fondane|Lawrence Durrell"
"Elie Rajaonarison","Dox (poet)|Jean-Joseph Rabearivelo|Ny Avana Ramanantoanina"
"Patrick Suppes","Alfred Tarski|Ernest Nagel"
"Albert Jay Nock","Max Hirsch (economist)|Franz Oppenheimer"
"Dennis Cooper","William S. Burroughs"
"Ivan Cankar","France Prešeren|Dragotin Kette"
"Anton Pann","Giulio Cesare Croce"
"Judith Jarvis Thomson","Philippa Foot"
"Randall Collins","Émile Durkheim"
"Theodor W. Adorno","Friedrich Nietzsche|Georg Wilhelm Friedrich Hegel|Immanuel Kant|Max Horkheimer|Max Weber|Oswald Spengler|Samuel Beckett|Søren Kierkegaard|Friedrich Hölderlin|Wlad Godzich|Walter Benjamin|Damaris Cudworth Masham"
"S. R. Ranganathan","Suzanne Briet|Paul Otlet"
"Robert B. Parker","Raymond Chandler"
"Frances Fyfield","Ruth Rendell"
"David Sedaris","Dorothy Parker|Flannery O'Connor|Tobias Wolff|Robert Benchley"
"Miroslav Krleža","August Strindberg"
"Honoré de Balzac","Walter Scott"
"Jean Richepin","Leconte de Lisle"
"Louis Lavelle","Léon Brunschvicg|Maine de Biran|Nicolas Malebranche|Félix Ravaisson-Mollien"
"Lesya Ukrainka","Mykhailo Drahomanov"
"Milan Dekleva","Gregor Strniša"
"Ted Honderich","P. F. Strawson"
"John Lachs","George Santayana"
"Jonathan Franzen","Lydia Davis|Don DeLillo|William Gaddis"
"Peter Gizzi","Michael Palmer (poet)"
"Alexander Nehamas","Walter Kaufmann (philosopher)"
"Harry Turtledove","Robert E. Howard|L. Sprague de Camp"
"Ahmad Khani","Nizami Ganjavi|Omar Khayyam"
"Barrie Phillip Nichol","Robin Blaser"
"Dan Zahavi","Edmund Husserl|Alfred Schütz"
"Madeleine L'Engle","George MacDonald"
"Peter Kropotkin","Mikhail Bakunin|Charles Fourier|William Godwin|Louis Blanc|Alexander Herzen"
"Rachel Carson","Frank Edwin Egler|Lucille Farrier Stickel"
"William Faulkner","Herman Melville|George Washington Harris|Joel Chandler Harris|Sherwood Anderson"
"Charles Fourier","Victor Prosper Considerant"
"Paul Churchland","Wilfrid Sellars"
"John Keats","William Hazlitt|Virgil|Yang Mu"
"Dominique Janicaud","Félix Ravaisson-Mollien"
"Philippa Foot","Elizabeth Anscombe"
"Joan Maragall","Jacint Verdaguer|Narcís Oller"
"Stefan George","Leconte de Lisle|Johann Joachim Winckelmann"
"Johann Reuchlin","John Argyropoulos"
"Aleksandr Dugin","Julius Evola|Martin Heidegger"
"David Stove","John Anderson (philosopher)"
"Sholem Aleichem","Nikolai Gogol"
"Enrique Dussel","Emmanuel Levinas"
"Luciano Floridi","Richard Popkin|Paul Otlet|Susan Haack"
"Robert Musil","Carl Stumpf"
"Maxim Gorky","Knut Hamsun|Gleb Uspensky|Alexander Pushkin|Nikolay Dobrolyubov"
"Eric Voegelin","Hans Jonas|Giambattista Vico|Leo Strauss|Jean Bodin|Othmar Spann"
"Alexandre Koyré","Léon Brunschvicg|Edwin Arthur Burtt|Gaston Bachelard"
"Petar II Petrović-Njegoš","Sima Milutinović Sarajlija"
"Luigi Ugolini","Giovanni Pascoli"
"Harry Mulisch","Nicholas of Cusa"
"Christopher Phillips","Justus Buchler"
"Colin William MacLeod","Donald Russell (classicist)"
"Julius Evola","Ernst Jünger|Giambattista Vico|Louis Gabriel Ambroise de Bonald|Joseph de Maistre|René Guénon|Max Stirner|Juan Donoso Cortés"
"Pierre Charron","Michel de Montaigne"
"E. B. White","Henry David Thoreau|Joel Chandler Harris"
"Karl Jaspers","Max Weber|Søren Kierkegaard|Wilhelm Dilthey|Nicholas of Cusa"
"Bernard Cornwell","C. S. Forester"
"Jacob M. Appel","Robert Coover|Mary Gaitskill|Donald Barthelme|Stuart Dybek"
"Tom Robbins","Jack Kerouac|Terence McKenna"
"Manuel Maria Barbosa du Bocage","Luís de Camões"
"Cornel West","Sheldon Wolin|Stanley Cavell|Simone Weil"
"Johan Norberg","Anders Chydenius"
"Muhammad Iqbal","Daagh Dehlvi|Johann Wolfgang von Goethe|Idris Azad|Bayazid Bastami|Thomas Walker Arnold"
"Francis Bacon","Niccolò Machiavelli"
"Judith Moffett","James Merrill"
"Christian Bauman","Robert Stone (novelist)"
"Hannah Arendt","Montesquieu|Edmund Burke|Hans Jonas|Martin Heidegger|Carl Schmitt|Karl Jaspers"
"Stephen Toulmin","Ludwig Wittgenstein"
"Dan Lungu","Mihail Sadoveanu|Mircea Nedelciu"
"Shane Bolks","Julie Garwood"
"William Stafford (poet)","Theodore Roethke"
"Henry Kuttner","Robert E. Howard"
"Christian von Ehrenfels","Franz Brentano"
"Timothy Morton","Graham Harman"
"Lester Bangs","Ken Kesey"
"I. Dragoslav","Ion Creangă"
"S. R. Ekkundi","Sundar V. Nadkarni|R. S. Mugali"
"Claudio Magris","Fulvio Tomizza|Scipio Slataper"
"Cassandra Clare","Yuyi Morales|Lloyd Alexander|Holly Black"
"Richard Ford","Oakley Hall|Richard Yates (novelist)|Raymond Carver|Andre Dubus"
"Tristan Garcia","Quentin Meillassoux|Sandra Laugier|Alain Badiou"
"John Rawls","Immanuel Kant|Jean-Jacques Rousseau|John Stuart Mill|Harold Arthur Prichard|Henry Sidgwick|H. L. A. Hart"
"Edwin Thumboo","Goh Sin Tub"
"Alojz Ihan","Tomaž Šalamun"
"Giambattista Vico","Gottfried Wilhelm Leibniz|Niccolò Machiavelli|Pierre Bayle|Damaris Cudworth Masham|Nicolas Malebranche|Hugo Grotius|John Selden"
"Ioan A. Bassarabescu","Ion Luca Caragiale"
"Michel Valsan","René Guénon"
"C. D. Broad","Alfred North Whitehead"
"Alexis de Tocqueville","Montesquieu|Blaise Pascal|Jean-Jacques Rousseau"
"Eugène Ionesco","Octave Mirbeau|Ion Luca Caragiale|Urmuz"
"Dylan Thomas","John Donne|Arthur Rimbaud|D. H. Lawrence|Alexander Pushkin|Lawrence Durrell"
"Morris Janowitz","Sidney Hook"
"Louis Althusser","Baruch Spinoza|Ferdinand de Saussure|Jacques Lacan|Jean-Jacques Rousseau|Niccolò Machiavelli|Alexandre Kojève|Georges Canguilhem|Gaston Bachelard"
"Theodore Roethke","Dylan Thomas|Christopher Smart|William Carlos Williams|Louise Bogan"
"Bob Black","Charles Fourier|Abbie Hoffman|Peter Kropotkin|Ivan Illich|Herbert Marcuse|Max Stirner"
"Ruth Millikan","Wilfrid Sellars"
"Ljubodrag Simonović","Svetozar Marković"
"Melissus of Samos","Parmenides"
"Zadie Smith","Salman Rushdie|Vladimir Nabokov"
"Dana Gioia","Richard Wilbur"
"Christopher Paolini","Philip Pullman|Eric Rücker Eddison|David Eddings|Tamora Pierce"
"Hugo von Hofmannsthal","Ludwig Ganghofer"
"Mulla Sadra","Ibn Arabi"
"Manfred Frank","Dieter Henrich|Friedrich Schleiermacher"
"Bryan Reynolds","Félix Guattari|Gilles Deleuze"
"Bertrand Russell","David Hume|G. E. Moore|Giuseppe Peano|Gottfried Wilhelm Leibniz|John Stuart Mill|Ludwig Wittgenstein|Richard McKeon|Christoph von Sigwart|Alexius Meinong|Fereydoon Motamed|Gottlob Frege|Alfred North Whitehead|Thomas Paine|Damaris Cudworth Masham|William James|Hermann Lotze"
"Graham Priest","Alexius Meinong"
"Paul Di Filippo","William S. Burroughs"
"Henry Vaughan","Ben Jonson"
"Gabriel Wagner","Baruch Spinoza|Gottfried Wilhelm Leibniz|Damaris Cudworth Masham"
"John Fowles","Thomas Hardy"
"Taras Shevchenko","Alexander Pushkin"
"Alfred, Lord Tennyson","George Crabbe"
"Ivan Goncharov","Alexander Pushkin"
"Michael Connelly","Raymond Chandler|Ross Macdonald"
"Toni Morrison","William Faulkner|Virginia Woolf"
"Carlo Penco","Evandro Agazzi"
"Ivan Illich","Emmanuel Levinas|Jacques Maritain|Jacques Ellul"
"Gourish Kaikini","Yashwant Vithoba Chittal|Sundar V. Nadkarni"
"Arthur Machen","M. P. Shiel"
"Galway Kinnell","Yvan Goll"
"Max Stirner","Georg Wilhelm Friedrich Hegel|Johann Wolfgang von Goethe|Ludwig Feuerbach|Bruno Bauer"
"Paul Redding","Robert B. Pippin"
"Gardner Dozois","Jack Vance"
"Ken MacLeod","Iain Banks|J. G. Ballard"
"G. E. Moore","Ludwig Wittgenstein|Thomas Reid"
"Muhammad al-Tijani","Muhammad Husayn Tabataba'i"
"Wolfi Landstreicher","Diogenes of Sinope|André Breton|Max Stirner|Renzo Novatore"
"Harlan Coben","Robert B. Parker"
"Zechariah Chafee","John Stuart Mill|Roscoe Pound"
"Naguib Mahfouz","Taha Hussein"
"Mihai Eminescu","Alexander Pushkin|Ion Heliade Rădulescu"
"Iztok Osojnik","Srečko Kosovel"
"Carl Stumpf","Bernard Bolzano|Hermann Lotze"
"Bharathidasan","Kalyanasundaranar"
"Aristippus","Socrates"
"Richard L. Tierney","Robert E. Howard"
"Philippe Soupault","Comte de Lautréamont"
"Jeremy Robinson","James Rollins"
"Roderick T. Long","Murray Rothbard|Robert Nozick"
"Walter Jon Williams","Roger Zelazny"
"F. C. S. Schiller","Protagoras|William James"
"Richard K. Morgan","William Gibson"
"Doris Lessing","Stendhal|Olaf Stapledon|D. H. Lawrence|Idries Shah"
"August Strindberg","Otto Weininger"
"N. D. Wilson","Walter Scott"
"Robert E. Howard","Edgar Rice Burroughs|Edward Plunkett, 18th Baron of Dunsany|Talbot Mundy|H. Rider Haggard"
"Yasunari Kawabata","Kyōka Izumi"
"Thomas Ligotti","Peter Wessel Zapffe|Emil Cioran"
"Faiz Ahmad Faiz","Amjad Hyderabadi|Ghalib"
"Ray Bradbury","Edgar Rice Burroughs|Leigh Brackett|Theodore Sturgeon|Yevgeny Zamyatin|Jack Williamson|Sherwood Anderson"
"Alexandre Kojève","Georg Wilhelm Friedrich Hegel|Alexandre Koyré|Leo Strauss|Karl Jaspers|Vladimir Solovyov (philosopher)"
"Park Ji-won","Hong Dae-yong"
"George R. R. Martin","Robert A. Heinlein|Robert E. Howard|Lloyd Alexander|Jack Vance|Roger Zelazny|Bernard Cornwell"
"Alice McDermott","Thomas Williams (writer)"
"Norman Geisler","Étienne Gilson"
"Jack Kerouac","Gary Snyder|Arthur Rimbaud|William S. Burroughs|Mark Van Doren|Louis-Ferdinand Céline|William Gaddis"
"Louisa May Alcott","Friedrich de la Motte Fouqué"
"Dave Barry","Robert Benchley"
"Robert Anton Wilson","Adam Weishaupt|Benjamin Tucker|Brian O'Nolan|Terence McKenna|Alan Watts|Colin Wilson|Max Stirner"
"Cees Nooteboom","J. Slauerhoff"
"Hedley Bull","John Anderson (philosopher)"
"Ale Ahmad Suroor","Muhammad Iqbal"
"Hans Jonas","Alfred North Whitehead|Martin Heidegger"
"Konstantine Gamsakhurdia","Grigol Robakidze"
"Judith Butler","Georg Wilhelm Friedrich Hegel|Emmanuel Levinas|Luce Irigaray|J. L. Austin|Simone de Beauvoir|Jean Laplanche"
"W. P. Kinsella","Richard Brautigan"
"Sinclair Lewis","Richard Harding Davis|Henry David Thoreau|Robert G. Ingersoll|Edmund Wilson"
"Yasuo Yuasa","Tetsuro Watsuji"
"John Dixon (cartoonist)","Stan Pitt"
"John Cheever","William Keepers Maxwell, Jr."
"Friedrich Wilhelm Joseph Schelling","Immanuel Kant|Johann Gottlieb Fichte|Jakob Böhme|Friedrich Heinrich Jacobi|Johann Wolfgang von Goethe|Johann Georg Hamann"
"Georg Trakl","Friedrich Hölderlin"
"Philip Graham (writer)","Donald Barthelme"
"Elias Canetti","Manon Gropius"
"Allen Steele","Robert A. Heinlein"
"Alan Ayckbourn","Harold Pinter"
"Yuan Ch'iung-ch'iung","Eileen Chang"
"Simon Blackburn","David Hume"
"Denis Diderot","Gottfried Wilhelm Leibniz|Laurence Sterne|Niccolò Machiavelli|Pierre Bayle|Guillaume-François Rouelle|Damaris Cudworth Masham|Pierre Louis Maupertuis"
"Richard Price (writer)","Hubert Selby, Jr."
"Oswald Spengler","Heraclitus|Johann Wolfgang von Goethe|Leo Frobenius|Johann Joachim Winckelmann"
"Hossein Nasr","Muhammad Husayn Tabataba'i"
"Dimitris Dimitrakos","Karl Popper"
"Giordano Bruno","Nicholas of Cusa"
"Vernard Eller","Jacques Ellul"
"Michael P. Lynch","Crispin Wright"
"Robert A. Heinlein","Edgar Rice Burroughs|Talbot Mundy"
"Tatsuo Hori","Kiyoshi Jinzai"
"Hans Köchler","Edmund Husserl"
"Petrarch","Ovid"
"Gregor Strniša","Dane Zajc|France Balantič|Veno Taufer"
"Johann Georg Hamann","Martin Knutzen"
"Luís de Sttau Monteiro","Gil Vicente"
"Edmund Burke","Montesquieu|George Berkeley|Jean-Jacques Rousseau|John Locke|John Selden"
"Boris Pahor","Edvard Kocbek|Srečko Kosovel|France Bevk"
"Walter Benjamin","Max Horkheimer|Charles Fourier|Carl Schmitt|György Lukács|Heinrich Rickert"
"Neal Stephenson","William Gibson"
"Vladimir Mayakovsky","Velimir Khlebnikov"
"Max Black","G. E. Moore"
"Paul Watzlawick","Gregory Bateson"
"John McDowell","Immanuel Kant|Ludwig Wittgenstein|Philippa Foot|Wilfrid Sellars|Richard Rorty|Robert B. Pippin|Donald Davidson (philosopher)"
"Catherine Keller (theologian)","Alfred North Whitehead"
"Antonio Labriola","Johann Friedrich Herbart"
"Evangeline Walton","Edward Plunkett, 18th Baron of Dunsany"
"Bekhud Badayuni","Daagh Dehlvi"
"Isaiah Berlin","John Stuart Mill|Giambattista Vico|Alexander Herzen"
"Takis Fotopoulos","Cornelius Castoriadis"
"Imre Lakatos","Karl Popper|Paul Feyerabend"
"Joe Hill (writer)","Richard Matheson"
"Matt Cohen (writer)","George Grant (philosopher)"
"Raymond Geuss","Theodor W. Adorno"
"P. D. James","Ekow Duker"
"Gregory Maguire","T. H. White"
"John Grinder","Gregory Bateson"
"Mario Bunge","Ernest Nagel"
"Antonio Tabucchi","Fernando Pessoa"
"Greg Bear","Poul Anderson"
"Imre Kertész","Tadeusz Borowski"
"H. H. Lewis","William Carlos Williams"
"Jeremy Waldron","Ronald Dworkin"
"Ben Okri","William Blake"
"Thierry Jonquet","Sébastien Japrisot"
"Rudyard Kipling","Robert Louis Stevenson|H. Rider Haggard|Joel Chandler Harris"
"Bruce Kuklick","Edwin Holt"
"Giovanni Gentile","Georg Wilhelm Friedrich Hegel|Benedetto Croce|Giuseppe Mazzini"
"Apuleius","Ovid|Lucian"
"Kevin Brockmeier","Walter Tevis"
"Joe Abercrombie","George R. R. Martin"
"Philip Levine (poet)","John Berryman"
"Louis Michael Seidman","Duncan Kennedy (legal philosopher)"
"John Clare","Robert Burns"
"Irvine Welsh","William S. Burroughs|Edwin Morgan (poet)|Louis-Ferdinand Céline"
"Peter Geach","Ludwig Wittgenstein|J. M. E. McTaggart"
"Jonathan Wolff (philosopher)","Gerald Cohen"
"Mark Leyner","William S. Burroughs"
"A. Merritt","Edgar Rice Burroughs|Gertrude Barrows Bennett"
"Adriana Cavarero","Hannah Arendt"
"Rubén Darío","Leconte de Lisle"
"Johannes Nikolaus Tetens","Gottfried Wilhelm Leibniz|Damaris Cudworth Masham|Christian Wolff (philosopher)"
"Angie Debo","Edward Everett Dale"
"Muhammad Tahir","Haji Dost Muhammad Qandhari|Muhammad Sirajuddin Naqshbandi|Ghulam Ali Dihlawi"
"Jacques Rancière","Étienne Balibar"
"Friedrich Hölderlin","Johann Joachim Winckelmann"
"Russell Banks","Jack Kerouac"
"Antonio Gramsci","Niccolò Machiavelli|Benedetto Croce|Giambattista Vico|Georges Sorel|Antonio Labriola"
"Samuel R. Delany","Roger Zelazny|Theodore Sturgeon"
"Jerzy Grotowski","Pedro Calderón de la Barca"
"David Lewis (philosopher)","P. F. Strawson|Willard Van Orman Quine|Hilary Putnam"
"Nicholas of Cusa","Proclus|Pseudo-Dionysius the Areopagite|John Scotus Eriugena|Meister Eckhart"
"Georges Perec","Julio Cortázar"
"Derek Parfit","Henry Sidgwick"
"Lin Carter","Edgar Rice Burroughs|Robert E. Howard|L. Sprague de Camp"
"George Berkeley","John Locke|Nicolas Malebranche"
"Henri Bergson","Blaise Pascal|Gottfried Wilhelm Leibniz|Plotinus|Émile Durkheim|Herbert Spencer|Damaris Cudworth Masham|Maine de Biran|William James|Félix Ravaisson-Mollien"
"Mark Twain","Miguel de Cervantes|George MacDonald|George Washington Harris|Robert G. Ingersoll|Joel Chandler Harris"
"Stephen Walt","Kenneth Waltz"
"Andrei Codrescu","Benjamin Fondane|Urmuz"
"Étienne Bonnot de Condillac","Denis Diderot|John Locke"
"Robert Creeley","William Carlos Williams"
"Giovanni Pico della Mirandola","Nicholas of Cusa"
"Christian Kracht","Bret Easton Ellis"
"K. J. Stevens","Raymond Carver"
"Jovan Rajić","Gavril Stefanović Venclović|Zaharije Orfelin"
"Jaegwon Kim","Carl Gustav Hempel"
"Susan Haack","Frank P. Ramsey"
"Emil Cioran","Giacomo Leopardi|Joseph de Maistre"
"Roland Barthes","Ferdinand de Saussure|Roman Jakobson"
"Jimmy Perry","Will Hay"
"Richard Webster (British author)","Gilbert Ryle"
"Bernard Williams","Philippa Foot|R. M. Hare|Stanley Cavell"
"Alan Sillitoe","Sid Chaplin"
"Michael Albert","Noam Chomsky"
"Roman Ingarden","Edmund Husserl"
"Hans Joas","Cornelius Castoriadis"
"Riza Talabani","Nalî"
"Gillian Rose","Georg Wilhelm Friedrich Hegel"
"Paul Wheelahan","Stan Pitt"
"Charles Dickens","Henry Fielding|Miguel de Cervantes|Sheridan Le Fanu|Walter Scott|Tobias Smollett"
"Al. T. Stamatiad","Ion Minulescu"
"Robert E. Ornstein","Idries Shah"
"Lucian Dan Teodorovici","Mircea Nedelciu"
"William Dalrymple (historian)","Eric Newby|Robert Byron"
"Kinoshita Rigen","Nobutsuna Sasaki"
"Murray Bookchin","Hans Jonas|Peter Kropotkin"
"G. K. Chesterton","Robert Louis Stevenson|George MacDonald|William Cobbett|John Ruskin"
"Cheng Yi (philosopher)","Zhou Dunyi"
"Ivan Turgenev","Gustave Flaubert|Nikolai Gogol|Vissarion Belinsky|Alexander Pushkin|Johann Wolfgang von Goethe|Mikhail Lermontov"
"Zlata Filipović","Anne Frank"
"Shirley Hazzard","William Keepers Maxwell, Jr."
"Jeremy Shearmur","Karl Popper"
"Empedocles","Pythagoras"
"Maurice Blanchot","Emmanuel Levinas|Martin Heidegger"
"Ronald Verlin Cassill","D. H. Lawrence"
"Pythagoras","Anaximander|Thales|Pherecydes of Syros"
"Claude Henri de Rouvroy, comte de Saint-Simon","Joseph de Maistre"
"Daniele Archibugi","Hyman Minsky|Christopher Freeman"
"Diana Gittins","Joan Busfield"
"Saul Kripke","Ludwig Wittgenstein|Hilary Putnam"
"Rosalind Hursthouse","Philippa Foot"
"Guram Dochanashvili","Gustave Flaubert|William Faulkner|Grigol Robakidze"
"Frederik Pohl","Jack Williamson"
"Jo Walton","Roger Zelazny"
"Thomas Hardy","George Meredith"
"Adam Weishaupt","Baron d'Holbach"
"Donald Davidson (philosopher)","Baruch Spinoza|Elizabeth Anscombe|Alfred Tarski|Willard Van Orman Quine|Hilary Putnam"
"Khin Khin Htoo","Journal Kyaw Ma Ma Lay|Khin Hnin Yu"
"P. F. Strawson","Immanuel Kant|Paul Grice"
"R. Scott Bakker","Steven Erikson"
"Simon Critchley","Jacques Rancière|Dominique Janicaud|Alain Badiou|Richard J. Bernstein"
"Helen Simpson (author)","Ruth Rendell"
"George Barker (poet)","Meary James Thurairajah Tambimuttu"
"Benjamin Fondane","Tudor Arghezi|Avram Steuerman-Rodion|Ion Minulescu|Emil Isac"
"Gorgias","Empedocles|Zeno of Elea"
"Carl Schmitt","Max Weber|Niccolò Machiavelli|Søren Kierkegaard|Georges Sorel|Louis Gabriel Ambroise de Bonald|Joseph de Maistre|Leo Strauss|Max Stirner|Juan Donoso Cortés"
"Zakhar Prilepin","Eduard Limonov"
"Jovan Sterija Popović","Andrija Kačić Miošić|Jovan Rajić"
"Tudor Arghezi","Anton Pann|Urmuz|Alexandru Bogdan-Pitești"
"Susan Stryker","Judith Butler"
"Tess Gallagher","Raymond Carver"
"Truman Capote","Ivan Turgenev|Edgar Lustgarten"
"Bruce Sterling","J. G. Ballard|Chad Oliver"
"Edmund Husserl","David Hume|Gottfried Wilhelm Leibniz|Immanuel Kant|René Descartes|Gottlob Frege|Bernard Bolzano|Carl Stumpf|Damaris Cudworth Masham|Sextus Empiricus|Franz Brentano|William James|Hermann Lotze|Johann Friedrich Herbart"
"Georg Brandes","Adam Mickiewicz"
"Isaac Asimov","John W. Campbell|Jack Williamson|Karlheinz Steinmüller"
"Roderick Chisholm","Alexius Meinong|Thomas Reid|Clarence Irving Lewis|Curt John Ducasse"
"Eve Bunting","Betsy Byars"
"Hugh MacDiarmid","Else Lasker-Schüler|George Douglas Brown"
"Suzanne Briet","Paul Otlet"
"Immanuel Kant","David Hume|Edmund Burke|Epicurus|George Berkeley|Gottfried Wilhelm Leibniz|Jean-Jacques Rousseau|John Locke|René Descartes|Alexander Gottlieb Baumgarten|Martin Knutzen|Damaris Cudworth Masham|Johannes Nikolaus Tetens|Christian Wolff (philosopher)|Pierre Louis Maupertuis|Johann Heinrich Lambert"
"Robert Stone (novelist)","Wallace Stegner|Richard Yates (novelist)"
"Mikhail Bakunin","Pierre-Joseph Proudhon|Louis Blanc|Nikolai Stankevich"
"Alphonse Daudet","Gustave Flaubert"
"Dritëro Agolli","Dmitri Kedrin"
"Stephen Elliott (author)","Tobias Wolff"
"Ton Satomi","Kyōka Izumi"
"Nicos Poulantzas","Antonio Gramsci"
"Henry Sidgwick","Herbert Spencer"
"Horace","Philodemus"
"Eisuke Yoshiyuki","Jun Tsuji"
"Jacques Ellul","Nikolai Berdyaev"
"Grace Ji-Sun Kim","Simone de Beauvoir"
"José Ortega y Gasset","Edmund Husserl|Oswald Spengler|Max Scheler"
"Paul de Man","Wlad Godzich"
"Arthur C. Clarke","Edgar Rice Burroughs|Edward Plunkett, 18th Baron of Dunsany|Olaf Stapledon"
"Michael Dummett","Elizabeth Anscombe|Gottlob Frege|J. M. E. McTaggart"
"Oton Župančič","France Prešeren|Dragotin Kette"
"Edward Said","Noam Chomsky|Michel Foucault|Antonio Gramsci|Raymond Williams|Frantz Fanon"
"Johann Eduard Erdmann","Georg Wilhelm Friedrich Hegel"
"Costanzo Preve","Giambattista Vico|György Lukács"
"Mahmoud Darwish","Abdel Latif Moubarak"
"William Frankena","Clarence Irving Lewis"
"Théodore Simon Jouffroy","Victor Cousin"
"Karel Kosík","György Lukács"
"Alberto Arbasino","Carlo Dossi"
"Ronald Dworkin","John Stuart Mill|Lon L. Fuller|H. L. A. Hart|John Rawls"
"Patrick Nielsen Hayden","John M. Ford"
"Nicolai Hartmann","Nikolay Lossky"
"Anne Rice","Jane C. Loudon"
"Brian Aldiss","Olaf Stapledon"
"Juvenal","Martial"
"J. Slauerhoff","Arthur Rimbaud|Luís de Camões"
"Reinhard Sorge","August Strindberg"
"John Ashbery","John Brooks Wheelwright|Wallace Stevens"
"P. L. Travers","George Gurdjieff"
"Lewis Mumford","Thorstein Veblen"
"Joyce Carol Oates","William Faulkner|D. H. Lawrence"
"Samuel Taylor Coleridge","Baruch Spinoza|Giambattista Vico|Friedrich Wilhelm Joseph Schelling|Robert Burns|Thomas Browne"
"Howard Zinn","Richard Hofstadter|Sender Garlin"
"Peter Lamborn Wilson","Charles Fourier|Herbert Marcuse"
"B. W. Powe","Northrop Frye"
"Giovanni Pascoli","Giacomo Leopardi"
"Edward Abbey","Robinson Jeffers|Wallace Stegner"
"Syed Qazi Ibadul Haq","Syed Qazi Muzainul Haq"
"John Gray (philosopher)","John Stuart Mill|Karl Polanyi|Michael Oakeshott"
"Jürgen Habermas","Hans-Georg Gadamer|Immanuel Kant|Max Horkheimer|Max Weber|Niklas Luhmann|Richard Rorty|George Herbert Mead|Theodor W. Adorno|Reinhart Koselleck|Carl Schmitt|Wilhelm Dilthey|Ludwig Binswanger|Herbert Marcuse|John Rawls|Karl Bühler"
"Seamus Heaney","Robert Frost|Ted Hughes|Virgil|John Montague (poet)"
"Stéphane Mallarmé","Leconte de Lisle"
"Robert B. Westbrook","Richard J. Bernstein"
"Maggie Estep","Hedwig Gorski"
"Josh Malihabadi","Raza Naqvi Wahi"
"Guillaume Apollinaire","Marquis de Sade"
"Jeremy Rifkin","Nicholas Georgescu-Roegen"
"Socrates","Parmenides"
"Noah Cicero","Dennis Cooper"
"Anton Ingolič","Prežihov Voranc"
"Raymond Carver","Guy de Maupassant|Richard Yates (novelist)|Andre Dubus"
"Porphyry (philosopher)","Plotinus"
"Alojz Rebula","Srečko Kosovel|Boris Pahor|France Balantič|Milan Komar|Dragotin Kette|Oton Župančič"
"Michael Chabon","Raymond Chandler|Oakley Hall|Jack Vance|Vladimir Nabokov|John Cheever|Richard Yates (novelist)"
"Johann Friedrich Herbart","Johann Gottlieb Fichte"
"Emil Petaja","Robert E. Howard"
"George Elder Davie","Thomas Reid"
"Mircea Cărtărescu","Mateiu Caragiale|H. Bonciu|Urmuz"
"Juliusz Słowacki","Stefan Florian Garczyński|Antoni Malczewski"
"Edmond Hamilton","Edgar Rice Burroughs|Leigh Brackett"
"Katherine Paterson","Lloyd Alexander"
"Simon Vestdijk","J. Slauerhoff"
"Gyula Juhász","Mihály Babits"
"H. L. A. Hart","John Stuart Mill|John Austin (legal philosopher)"
"John Berryman","Hart Crane|Mark Van Doren"
"Marsilio Ficino","Proclus|Gemistus Pletho|John Argyropoulos"
"Toh Hsien Min","Arthur Yap"
"James Ellroy","Peter Morgan"
"André Malraux","Maurice Barrès"
"José de Almada Negreiros","Fernando Pessoa|Mário de Sá-Carneiro|Álvaro de Campos"
"Roger Tory Peterson","Ludlow Griscom|Edwin Way Teale"
"Marshall McLuhan","Richard McKeon|Giambattista Vico|Owen Barfield"
"Charles Bukowski","James Thurber|Knut Hamsun|Robinson Jeffers|D. H. Lawrence|Louis-Ferdinand Céline|Sherwood Anderson"
"Joseph Conrad","Agustus Montrose|Ford Madox Ford|Antoni Malczewski|H. Rider Haggard|Ivan Turgenev"
"Jhumpa Lahiri","Vladimir Nabokov|Richard Yates (novelist)|Andre Dubus"
"Pierre Bayle","Strato of Lampsacus"
"Jacques Maritain","Maurice Barrès|Charles Maurras|Étienne Gilson"
"Howard Nemerov","Owen Barfield"
"Jeaniene Frost","Dean Koontz|Stephen King|Bertrice Small|Laurell K. Hamilton"
"Marguerite Yourcenar","Julius Evola"
"Ernesto Laclau","Ferdinand de Saussure|Jacques Rancière|Antonio Gramsci|Eric Hobsbawm"
"Qalandar Baba Auliya","Tajuddin Muhammad Badruddin"
"Anatole France","Leconte de Lisle"
"Dante Alighieri","Ovid|Virgil|Boethius"
"Julian Tuwim","Leopold Staff"
"Ágnes Heller","György Márkus"
"Jonathan Kozol","William Styron"
"Alexander Pruss","Nicholas Rescher"
"Peter Sloterdijk","Gilles Deleuze|Martin Heidegger|Gabriel Tarde|Jacob Taubes|Rajneesh"
"Nizami Ganjavi","Sanai"
"Octavio Paz","Fernando Pessoa|Stéphane Mallarmé|Antonio Machado|Rubén Darío|D. H. Lawrence|Gustavo Adolfo Bécquer"
"Kostis Palamas","Ion Dragoumis"
"Max Horkheimer","Theodor W. Adorno"
"J. Hoberman","Manny Farber|Andrew Sarris"
"Herta Müller","Urmuz"
"Carneades","Pyrrho|Arcesilaus"
"Nikolay Nekrasov","Vissarion Belinsky|Alexander Pushkin"
"Clive Barker","Robert Aickman|William S. Burroughs|William Blake"
"Xenocrates","Speusippus"
"Philip Roth","William Faulkner|Alessandro Piperno|Louis-Ferdinand Céline"
"John Selden","Hugo Grotius"
"Giani Stuparich","Scipio Slataper"
"Garry Wills","Henry Adams"
"Ahmad Sirhindi","Ibn Arabi"
"Necip Fazıl Kısakürek","Abdulhakim Arvasi"
"Alexander Pushkin","Percy Bysshe Shelley|Konstantin Batyushkov"
"Peter Rollins","John D. Caputo"
"Hilary Putnam","Nelson Goodman|Willard Van Orman Quine|Stanley Cavell|William James"
"Yashwant Vithoba Chittal","Sundar V. Nadkarni"
"Richard Cobb","Albert Soboul"
"Nicholson Baker","Brian O'Nolan"
"Blaise Pascal","Gerolamo Cardano|Michel de Montaigne"
"Cormac McCarthy","Herman Melville|William Faulkner"
"Nader El-Bizri","Alexandre Koyré|Martin Heidegger|Stanley Cavell"
"Ryūnosuke Akutagawa","Kyōka Izumi"
"Richard Christian Matheson","Richard Matheson"
"Arne Næss","Baruch Spinoza"
"Chantal Mouffe","Antonio Gramsci|Carl Schmitt"
"Conn Iggulden","C. S. Forester|Bernard Cornwell"
"John Hawthorne","David Lewis (philosopher)|Timothy Williamson"
"Plutarch","Posidonius"
"Muhammad Usman Damani","Haji Dost Muhammad Qandhari"
"Gottfried Wilhelm Leibniz","Giordano Bruno|Baruch Spinoza|Blaise Pascal|Gerolamo Cardano|Maimonides|René Descartes|Gabriel Wagner|Christiaan Huygens|Nicholas of Cusa|Nicolas Malebranche|Pierre Gassendi|Francisco Suárez"
"Geo Bogza","Urmuz"
"Tony Rothman","Milton A. Rothman"
"Ismail Kadare","Italo Calvino|Henrik Lacaj"
"Padgett Powell","Donald Barthelme"
"Anaïs Nin","D. H. Lawrence|Otto Rank|Maya Deren"
"William Shakespeare","John Pory|Ovid|Michel de Montaigne|Virgil|Lucian|Giada Trebeschi"
"Georges Sorel","Pierre-Joseph Proudhon|Juan Donoso Cortés"
"John Updike","James Thurber|Roger Angell|Vladimir Nabokov|William Keepers Maxwell, Jr.|John Cheever"
"Günter Grass","Denis Diderot|Johann Wolfgang von Goethe"
"Robert Wringham","Tom Hodgkinson"
"Thomas Hill Green","Hermann Lotze"
"Georges Bataille","Baruch Spinoza|Alexandre Kojève|Marquis de Sade"
"André Gide","Henry Fielding|Comte de Lautréamont|Johann Wolfgang von Goethe|Binet-Valmer"
"Ismat Chughtai","Rashid Jahan"
"France Prešeren","Johann Wolfgang von Goethe"
"Joseph Brodsky","Alexander Pushkin"
"Joseph Heller","James Thurber|William March|Thomas Mann|Jaroslav Hašek|Louis-Ferdinand Céline"
"L. Sprague de Camp","Robert E. Howard"
"William Blake","Jakob Böhme|Henry Fuseli"
"Stephen Ratcliffe","Leslie Scalapino"
"Uroob","C. V. Raman Pillai"
"Grigore Cugler","Urmuz"
"Jean Anouilh","Jean Giraudoux"
"William Stringfellow","Jacques Ellul"
"Ingvar Ambjørnsen","Knut Hamsun"
"Miguel Ángel Asturias","Enrique Gómez Carrillo"
"Ralph Ellison","William Faulkner|Joel Chandler Harris"
"Hans Vaihinger","Karl Robert Eduard von Hartmann|African Spir"
"Tudor Mușatescu","Urmuz"
"Artur Azevedo","Martins Pena"
"Mohammad-Reza Shafiei Kadkani","Abbas Zaryab"
"Mikhail Zoshchenko","Nikolai Leskov"
"Ursula K. Le Guin","Edward Plunkett, 18th Baron of Dunsany|Jack Vance|Karlheinz Steinmüller"
"R. M. Hare","A. J. Ayer|Gilbert Ryle|Henry Sidgwick"
"H. G. Wells","Henry George|Thomas Henry Huxley"
"José Guilherme Merquior","Norberto Bobbio|Ernest Gellner|Leszek Kołakowski"
"James Hogg","Walter Scott|Janet Colquhoun"
"Boris Pasternak","Alexander Pushkin|Mikhail Lermontov"
"Ludwig Feuerbach","Georg Wilhelm Friedrich Hegel|Friedrich Heinrich Jacobi|Johann Eduard Erdmann"
"H. Warner Munn","Talbot Mundy"
"Herman Bang","Ivan Turgenev"
"Linda Nagata","William Gibson"
"Tom Perrotta","Tobias Wolff|Raymond Carver"
"Carson McCullers","Dorothy Scarborough"
"Immanuel Hermann Fichte","Johann Friedrich Herbart"
"George Orwell","Daniel Defoe|Gustave Flaubert|Henry Fielding|Tobias Smollett|William Makepeace Thackeray|Yevgeny Zamyatin|Ekow Duker"
"Axel Honneth","Jürgen Habermas|Charles Taylor (philosopher)"
"Sam Harris","John Stuart Mill|Christopher Hitchens"
"Gary Peller","Duncan Kennedy (legal philosopher)"
"Mark Haddon","Henriett Seth F."
"Jim Butcher","Lloyd Alexander"
"Dafydd ab Hugh","Brad Linaweaver"
"Peter Straub","Robert Aickman"
"Stewart O'Nan","Richard Yates (novelist)"
"Zeno of Citium","Stilpo|Crates of Thebes"
"William Gaddis","Nikolai Gogol|Thomas Bernhard"
"Henning Mankell","Maj Sjöwall|Per Wahlöö"
"William F. Buckley, Jr.","Edmund Burke|Milton Friedman|L. Brent Bozell, Jr.|Eric Voegelin"
"Walt Whitman","Ralph Waldo Emerson|Henry David Thoreau|Alexander von Humboldt"
"Sayyad Laal Shah Hamdani","Muhammad Usman Damani"
"Brian J. Mistler","Kurt Lewin"
"Rudolf Christoph Eucken","Friedrich Adolf Trendelenburg"
"Pierre Duhem","Blaise Pascal|Ernst Mach|William John Macquorn Rankine"
"Laurence Sterne","Lucian|François Rabelais"
"R. S. Mugali","S. R. Ekkundi|Gangadhar V. Chittal"
"François Laruelle","Félix Ravaisson-Mollien"
"Alessandro Manzoni","Ugo Foscolo"
"Juan Ramón Jiménez","Gustavo Adolfo Bécquer"
"Tom Rockmore","György Lukács"
"Ian Rankin","William McIlvanney"
"Michael Hardt","Baruch Spinoza|Gilles Deleuze|Antonio Negri"
"Keiji Nishitani","Kitaro Nishida"
"Benedetto Croce","Georg Wilhelm Friedrich Hegel|Giovanni Gentile|Giambattista Vico|Antonio Labriola"
"Franz Rosenzweig","Martin Buber"
"Ken Kesey","Jack Kerouac|William S. Burroughs|Wallace Stegner|Neal Cassady"
"Jeff VanderMeer","Jack Vance"
"Giacomo Leopardi","Ugo Foscolo|Lucian"
"John Fante","Knut Hamsun|Sherwood Anderson"
"Aristotle","Socrates|Democritus|Empedocles|Heraclitus|Parmenides|Zeno of Elea"
"Andy Clark","Rodney Brooks"
"Philip José Farmer","Edgar Rice Burroughs"
"Ida Tarbell","Henry George"
"Ted Dekker","Dean Koontz"
"Otis Adelbert Kline","Edgar Rice Burroughs"
"Thomas Kuhn","Émile Meyerson|Alexandre Koyré|Rudolf Carnap|Pierre Duhem|Stanley Cavell|Gaston Bachelard|Jean Piaget|Hélène Metzger"
"Gabriel García Márquez","William Faulkner|Virginia Woolf|Juan Rulfo"
"Levi Bryant","Gilles Deleuze|Jacques Rancière|Graham Harman"
"Janez Menart","Dragotin Kette"
"Stendhal","William Hazlitt|Jean Racine"
"Bohumil Hrabal","Jaroslav Hašek"
"Leszek Kołakowski","Edmund Husserl"
"Aimee Bender","Italo Calvino"
"Sandra Laugier","Stanley Cavell"
"John Murray (novelist)","Brian O'Nolan"
"Maksim Bahdanovič","Paul Verlaine"
"Jean-Christophe Grangé","Sébastien Japrisot"
"Arthur Fine","Bas van Fraassen"
"Johann Gottlieb Fichte","Baruch Spinoza|Immanuel Kant|Jean-Jacques Rousseau|René Descartes|Friedrich Heinrich Jacobi|Karl Leonhard Reinhold"
"Anton Chekhov","Gustave Flaubert|Guy de Maupassant|Henrik Ibsen|Gleb Uspensky|Alexander Pushkin|Nikolai Leskov|Ivan Turgenev"
"Srećko Horvat","Slavoj Žižek"
"Graham Greene","Miguel de Cervantes|Karl Stern"
"Hans Ulrich Gumbrecht","Wlad Godzich"
"Malcolm Lowry","William Faulkner"
"André Gorz","Ivan Illich"
"Han Ryner","Epictetus|Epicurus|Diogenes of Sinope"
"Joachim Meyer","Sigmund Ringeck"
"Henry David Thoreau","Ralph Waldo Emerson|Virgil|Johann Wolfgang von Goethe|Alexander von Humboldt"
"Ernest Hemingway","John Donne|Knut Hamsun|Robert Louis Stevenson|Frederic Manning|Henry David Thoreau|Henri Barbusse|Sherwood Anderson|Ivan Turgenev"
"Rosemary Rogers","Shirlee Busbee"
"Adam Mickiewicz","Alexander Pushkin|Stefan Florian Garczyński|Antoni Malczewski|Kazimierz Brodziński"
"Yukio Mishima","Thomas Mann|Yasunari Kawabata|Kyōka Izumi"
"Gilles Grelet","François Laruelle"
"Novalis","Baruch Spinoza|Johann Gottlieb Fichte"
"Ghulam Ali Dihlawi","Mirza Mazhar Jan-e-Janaan"
"Alfonso Gatto","Giuseppe Ungaretti"
"James Wright (poet)","Robert Frost|Theodore Roethke|Robert Bly"
"Scipio Slataper","Giovanni Papini"
"Emma Goldman","Peter Kropotkin|Henry David Thoreau|Max Stirner"
"Desiderius Erasmus","John Colet|Giovanni Pico della Mirandola|Lucian"
"Donna Tartt","Barry Hannah"
"Jim Russell (cartoonist)","Stan Cross"
"Ovid","Virgil"
"Audrey Niffenegger","Louise Fitzhugh"
"Stieg Larsson","Maj Sjöwall|Dorothy L. Sayers|Henning Mankell|Per Wahlöö"
"Martha Nussbaum","Bernard Williams|Hilary Putnam"
"Louise Glück","Sylvia Plath"
"Primož Kozak","Jože Javoršek|Dominik Smole"
"Taslima Nasrin","Salman Rushdie"
"Joseph Campbell","Carl Jung|Adolf Ellegard Jensen|Adolf Bastian|Leo Frobenius"
"Upton Sinclair","Henry David Thoreau|Edmund Wilson"
"Hent de Vries","Stanley Cavell"
"Surender Mohan Pathak","John Dickson Carr|James Hadley Chase"
"Kendall Walton","Nelson Goodman|Nicholas Wolterstorff"
"Oliver Wendell Holmes, Sr.","Pierre Charles Alexandre Louis|Forceythe Willson"
"August Leskien","August Schleicher"
"Uroš Zupan","Tomaž Šalamun|Aleš Debeljak"
"Mario Luzi","Giuseppe Ungaretti"
"Arthur Danto","Georg Wilhelm Friedrich Hegel"
"Montesquieu","Writings of Cicero|Jean Bodin|Nicolas Malebranche"
"Claude Esteban","Stanley Cavell"
"Kyle Muntz","Donald Barthelme"
"Simon Gregorčič","France Prešeren"
"Michael Buckley (author)","Eric Carle"
"Harriet Martineau","Auguste Comte"
"Victor Cousin","Friedrich Heinrich Jacobi|Thomas Reid|Friedrich Wilhelm Joseph Schelling|Maine de Biran|Étienne Bonnot de Condillac"
"Fyodor Tyutchev","Alexander Pushkin"
"Oscar Wilde","Peter Kropotkin|Alice Pike Barney|William Godwin"
"Kenneth Waltz","Niccolò Machiavelli"
"Benny Lévy","Emmanuel Levinas"
"Mircea Eliade","Julius Evola|René Guénon|Debiprasad Chattopadhyaya|Georges Dumézil|Giovanni Papini|Joachim Wach"
"Ibn Battah","Al-Hasan ibn 'Ali al-Barbahari"
"Robert Graves","Siegfried Sassoon|W. H. R. Rivers"
"Susanna Clarke","John Crowley"
"Txillardegi","Jean-Paul Sartre"
"Daniel Abraham (author)","George R. R. Martin|Ted Chiang"
"Alfian Sa'at","Edwin Thumboo"
"William Goldman","Ross Macdonald"
"Daniel Goleman","Richard Evans Schultes"
"Robert B. Pippin","Georg Wilhelm Friedrich Hegel|Leo Strauss"
"Dositej Obradović","Gavril Stefanović Venclović|Zaharije Orfelin|Jovan Rajić"
"Larry Heinemann","William March"
"Knut Hamsun","August Strindberg|Henrik Wergeland"
"David Wagoner","Theodore Roethke"
"Paul W. Franks","Stanley Cavell"
"Bruno Bauer","Georg Wilhelm Friedrich Hegel|Ludwig Feuerbach|Johann Eduard Erdmann"
"Amy Tan","Oakley Hall"
"Nelson Goodman","Rudolf Carnap|Clarence Irving Lewis"
"Ben Myers","Richard Brautigan"
"August Schleicher","Franz Bopp|Wilhelm von Humboldt"
"Alison Weir","Anya Seton"
"Hannes Bok","Emil Petaja"
"Thomas Reid","David Hume|George Berkeley"
"Torquato Tasso","Horace|Ludovico Ariosto"
"Jacques Lacan","Ferdinand de Saussure|Roman Jakobson|Melanie Klein|Alexandre Kojève"
"Heinrich Heine","Georg Wilhelm Friedrich Hegel|Ludwig Börne|Novalis|Johann Joachim Winckelmann"
"Dušan Šarotar","Drago Jančar"
"Ludovico Ariosto","Virgil"
"Iamblichus","Plotinus"
"Eric Hoffer","Michel de Montaigne"
"Nick Land","Curtis Yarvin|Emil Cioran"
"Peter Spiegelman","Raymond Chandler|Ross Macdonald"
"Enzo Bettiza","Scipio Slataper"
"J. M. Barrie","Robert Louis Stevenson"
"Michael Swanwick","Gene Wolfe"
"Ernest Sosa","Nicholas Rescher"
"F. Scott Fitzgerald","Shane Leslie|Sherwood Anderson"
"John Anderson (philosopher)","Samuel Alexander|Edwin Holt"
"Sarah Dunant","Ruth Rendell"
"George Wharton James","Carl Eytel"
"Josiah Royce","Hermann Lotze"
"Lojze Kovačič","Prežihov Voranc"
"Mastoureh Ardalan","Ahmad Khani"
"Robert Brandom","Georg Wilhelm Friedrich Hegel|Wilfrid Sellars|Richard Rorty|Robert B. Pippin|David Lewis (philosopher)"
"Léon Daudet","Maurice Barrès"
"Riccardo Bacchelli","Giuseppe Rovani"
"Ben Marcus","David Markson"
"H. P. Lovecraft","Edward Plunkett, 18th Baron of Dunsany|Guy de Maupassant|Oswald Spengler|A. Merritt|Gertrude Barrows Bennett"
"Ngô Sĩ Liên","Lê Văn Hưu"
"Frank P. Ramsey","Ludwig Wittgenstein"
"Maurice Merleau-Ponty","Edmund Husserl|Ferdinand de Saussure|Jean-Paul Sartre|Alexandre Kojève|Emmanuel Levinas|Alfred North Whitehead|Martin Heidegger|Eugène Minkowski|Kurt Koffka|Félix Ravaisson-Mollien"
"Rosamunde Pilcher","John Drummond, 15th Baron Strange"
"Wu Ming","Luigi Malerba"
"Christian Wolff (philosopher)","Confucius|Gottfried Wilhelm Leibniz|Damaris Cudworth Masham|Francisco Suárez"
"Livy","Posidonius"
"Ian Hacking","Ludwig Wittgenstein"
"S. M. Stirling","Robert E. Howard"
"Salman Rushdie","Italo Calvino"
"Friedrich Adolf Trendelenburg","Friedrich Schleiermacher|Karl Leonhard Reinhold"
"Jeremy Bentham","Epicurus|Protagoras|Francis Hutcheson (philosopher)"
"Maurice Nicoll","George Gurdjieff"
"Manuel Ramos Otero","Julia de Burgos"
"Fernando Pessoa","Camilo Pessanha|Antero de Quental|Luís de Camões"
"Nicole Loraux","Cornelius Castoriadis"
"Rahat Indori","Amjad Hyderabadi"
"Marina Tsvetaeva","Maximilian Voloshin|Alexander Pushkin"
"Carol Ann Duffy","Ted Hughes|Roger McGough"
"John Steinbeck","Robert Burns|Sherwood Anderson"
"Max Adler (Marxist)","Karl Kautsky"
"Bjørnstjerne Bjørnson","Henrik Wergeland"
"Salomon Maimon","Karl Leonhard Reinhold"
"Michio Takeyama","Kiyoshi Jinzai"
"Gao Xingjian","Fernando Pessoa"
"Hypatia","Plotinus"
"Konstantin Stanislavsky","Nikolai Gogol|Maurice Maeterlinck|Alexander Pushkin|Alexander Ostrovsky|Theatrical Productions of André Antoine|André Antoine"
"Annie Proulx","Thomas Savage (novelist)"
"John Greenleaf Whittier","Robert Burns"
"Julia Kristeva","Jacques Lacan|Mikhail Bakhtin|Hannah Arendt"
"Mário de Sá-Carneiro","Fernando Pessoa|Camilo Pessanha"
"Benjamin Tucker","Gustave de Molinari|Pierre-Joseph Proudhon|Josiah Warren|Max Stirner"
"Henry Corbin","Muhammad Husayn Tabataba'i|Étienne Gilson"
"Émile Boutroux","Maine de Biran"
"Pier Paolo Pasolini","Arthur Rimbaud|Dino Campana|Marquis de Sade"
"Karl-Otto Apel","Georg Henrik von Wright"
"Georges Bernanos","Maurice Barrès"
"William A. Earle","Karl Jaspers"
"Dario Fo","Giada Trebeschi"
"David Keck","Steven Erikson"
"Herbert Blumer","George Herbert Mead|W. I. Thomas|Charles Cooley"
"Austin Dacey","Christine Korsgaard"
"Gregory Corso","Percy Bysshe Shelley"
"Beatrix Potter","Randolph Caldecott|Joel Chandler Harris"
"Stacey Richter","Mary Gaitskill"
"Jorge Luis Borges","George Berkeley|Ralph Waldo Emerson|Robert Louis Stevenson|Virgil|Ambrose Bierce|Thomas Browne|Luís de Camões|Rafael Barrett"
"Kealan Patrick Burke","Ramsey Campbell"
"John Banville","Vladimir Nabokov"
"Milan Kundera","Denis Diderot|Henry Fielding|Johann Wolfgang von Goethe"
"Gerrit Komrij","J. Slauerhoff"
"Hedwig Gorski","Dylan Thomas|Jerzy Grotowski|Wisława Szymborska|Vladimir Mayakovsky"
"Pedro Pietri","Julia de Burgos"
"Simone Weil","Émile Chartier"
"Clare B. Dunkle","Lloyd Alexander"
"Douglas Coupland","Marshall McLuhan"
"Richard Hugo","Theodore Roethke"
"Attila József","Gyula Juhász"
"William Thompson (philosopher)","William Godwin"
"George Bernard Shaw","Henry George|Agustus Montrose|Henry David Thoreau"
"Danilo Lokar","Anton Vodnik"
"Louis Veuillot","Joseph de Maistre"
"Edvard Kocbek","Srečko Kosovel|France Prešeren|Josip Murn"
"Wells Tower","Barry Hannah"
"Ben Jonson","John Pory|William Camden"
"R. G. Collingwood","Benedetto Croce"
"Emil Lask","Heinrich Rickert"
"W. D. Ross","G. E. Moore|Harold Arthur Prichard"
"Shannon Bramer","Joyce Carol Oates"
"Arcesilaus","Pyrrho"
"Michel de Montaigne","Democritus|Sextus Empiricus"
"Lewis Gordon","Frantz Fanon"
"Ivan Bunin","Alexander Pushkin|Mikhail Lermontov"
"Patrick Modiano","Louis-Ferdinand Céline"
"John Colet","Guillaume Budé|Giovanni Pico della Mirandola"
"Eavan Boland","Seamus Heaney|John Montague (poet)"
"Heinrich Böll","Thomas Mann"
"Juan Emilio Viguié","Miguel Pou"
"Maimonides","Averroes"
"William James","Blaise Pascal|David Hume|John Stuart Mill|Ralph Waldo Emerson|Alexander Bain|Christoph von Sigwart|Ernst Mach|Thomas Reid|Gustav Fechner|Pierre Janet|David Hartley (philosopher)|Richard Avenarius|F. C. S. Schiller|Jules Lequier|African Spir|Charles Bernard Renouvier|Hermann Lotze"
"František Halas","Karel Hynek Mácha"
"John Pory","Richard Hakluyt"
"Paulo Coelho","William Blake|Christina Lamb"
"Bentley Little","Dean Koontz|Carlo Wolff"
"Ziya Gökalp","Émile Durkheim"
"Aleš Šteger","Alojz Gradnik|Tomaž Šalamun|Aleš Debeljak"
"Odysseas Elytis","Ion Dragoumis"
"Ibn-e-Safi","Mazhar Kaleem"
"John Gardner (legal philosopher)","H. L. A. Hart|Joseph Raz"
"Väinö Linna","Erich Maria Remarque"
"Baburao Bagul","Namdeo Dhasal"
"Prosper Mérimée","Alexander Pushkin"
"Eugen Barbu","Tudor Arghezi"
"Shūzō Kuki","Martin Heidegger"
"Almeida Garrett","Laurence Sterne|Gil Vicente|Luís de Camões"
"Kenzaburō Ōe","William Blake"
"Colin Dexter","John Dickson Carr"
"A. J. Ayer","David Hume|George Berkeley|Gilbert Ryle|C. D. Broad"
"Susan Hill","Jeanette Winterson"
"Ch'ien Mu","Lü Simian|Zhu Xi"
"Paul Georgescu","Mateiu Caragiale"
"Ignacio Ellacuría","Xavier Zubiri"
"Christopher Fowler","John Dickson Carr"
"Gualtiero Piccinini","David Chalmers"
"Iain McGilchrist","John Cutting (psychiatrist)"
"Matthew Stover","Robert E. Howard"
"Wilhelm Windelband","Kuno Fischer|Hermann Lotze|Johann Friedrich Herbart"
"Richard Adams","Ronald Lockley"
"Kenneth Grahame","Joel Chandler Harris"
"Norman Mailer","George Eliot|William S. Burroughs"
"Arda Denkel","P. F. Strawson"
"Molière","Giordano Bruno|Giada Trebeschi"
"Sully Prudhomme","Leconte de Lisle"
"Eugene O'Neill","August Strindberg"